Age,Height_cm,Weight_kg,BMI,Gender,FitnessGoal,Level,WorkoutsPerWeek,WalksPerWeek,HealthCondition,ActivityLevel,WorkoutType,DietType
56,178,64,20.2,Male,Endurance,Beginner,0,3,None,Lightly Active,Cardio,Balanced
46,196,70,18.2,Male,Endurance,Professional,6,5,None,Very Active,Cardio,Balanced
32,153,73,31.2,Male,Flexibility,Professional,5,1,None,Active,Flexibility,Balanced
25,161,45,17.4,Female,Flexibility,Beginner,2,0,None,Lightly Active,Flexibility,Balanced
38,194,79,21.0,Female,Muscle Gain,Intermediate,4,4,None,Active,Strength,High Protein
56,151,114,50.0,Male,Flexibility,Intermediate,4,3,None,Active,Flexibility,Balanced
36,176,103,33.3,Female,Muscle Gain,Intermediate,1,3,None,Lightly Active,Strength,High Protein
40,180,113,34.9,Male,Endurance,Beginner,2,4,None,Active,Cardio,Balanced
28,185,77,22.5,Male,Endurance,Intermediate,2,3,None,Active,Cardio,Balanced
28,185,95,27.8,Female,Weight Loss,Beginner,1,2,None,Lightly Active,Cardio,Calorie Deficit
41,175,56,18.3,Female,Endurance,Beginner,5,3,None,Very Active,Cardio,Balanced
53,192,64,17.4,Female,Muscle Gain,Professional,5,7,Diabetes,Very Active,Strength,Low GI Balanced
57,176,97,31.3,Male,Flexibility,Intermediate,5,4,None,Very Active,Flexibility,Balanced
41,154,87,36.7,Female,Weight Loss,Beginner,2,3,Heart Condition,Active,Low-Impact Cardio,Calorie Deficit
20,169,94,32.9,Female,Muscle Gain,Intermediate,3,4,None,Active,Strength,High Protein
39,160,73,28.5,Female,Flexibility,Intermediate,3,7,None,Very Active,Flexibility,Balanced
19,159,101,40.0,Female,Weight Loss,Professional,3,3,None,Active,Cardio,Calorie Deficit
41,189,83,23.2,Female,Endurance,Intermediate,2,5,None,Active,Cardio,Balanced
47,187,100,28.6,Female,Muscle Gain,Professional,6,5,None,Very Active,Strength,High Protein
55,155,87,36.2,Female,Flexibility,Beginner,3,4,None,Active,Flexibility,Balanced
19,157,94,38.1,Non-binary/Other,Weight Loss,Intermediate,4,2,None,Active,Cardio,Calorie Deficit
38,172,67,22.6,Female,Weight Loss,Beginner,3,4,None,Active,Cardio,Calorie Deficit
50,196,88,22.9,Male,Endurance,Intermediate,6,1,None,Very Active,Cardio,Balanced
29,175,82,26.8,Female,Flexibility,Beginner,0,4,None,Lightly Active,Flexibility,Balanced
39,195,67,17.6,Male,Endurance,Intermediate,3,5,None,Active,Cardio,Balanced
42,192,89,24.1,Male,Endurance,Intermediate,3,3,None,Active,Cardio,Balanced
44,161,96,37.0,Female,Flexibility,Intermediate,5,6,None,Very Active,Flexibility,Balanced
59,175,94,30.7,Female,Flexibility,Intermediate,7,1,None,Very Active,Flexibility,Balanced
45,162,52,19.8,Female,Flexibility,Intermediate,3,6,Joint Pain,Active,Low-Impact Strength/Range,Balanced
33,189,45,12.6,Male,Muscle Gain,Intermediate,6,4,Asthma,Very Active,Strength,High Protein
32,167,52,18.6,Female,Flexibility,Intermediate,5,3,None,Very Active,Flexibility,Balanced
20,174,73,24.1,Male,Weight Loss,Intermediate,3,2,None,Active,Cardio,Calorie Deficit
54,182,49,14.8,Non-binary/Other,Endurance,Intermediate,3,7,None,Very Active,Cardio,Balanced
24,196,91,23.7,Non-binary/Other,Muscle Gain,Beginner,2,1,None,Lightly Active,Strength,High Protein
38,189,78,21.8,Female,Flexibility,Professional,7,3,None,Very Active,Flexibility,Balanced
26,192,109,29.6,Female,Muscle Gain,Intermediate,2,3,None,Active,Strength,High Protein
56,161,99,38.2,Female,Flexibility,Professional,6,5,None,Very Active,Flexibility,Balanced
35,193,87,23.4,Female,Muscle Gain,Intermediate,3,4,None,Active,Strength,High Protein
21,185,118,34.5,Male,Endurance,Intermediate,5,2,None,Active,Cardio,Balanced
42,197,74,19.1,Male,Endurance,Beginner,3,3,None,Active,Cardio,Balanced
31,153,61,26.1,Female,Weight Loss,Beginner,3,2,None,Active,Cardio,Calorie Deficit
26,154,70,29.5,Female,Weight Loss,Professional,6,3,None,Very Active,Cardio,Calorie Deficit
43,186,52,15.0,Male,Flexibility,Beginner,4,3,None,Active,Flexibility,Balanced
19,157,91,36.9,Female,Endurance,Beginner,5,5,Diabetes,Very Active,Cardio,Low GI Balanced
37,191,116,31.8,Male,Muscle Gain,Professional,2,3,None,Active,Strength,High Protein
45,198,90,23.0,Female,Muscle Gain,Beginner,4,3,None,Active,Strength,High Protein
24,177,112,35.7,Female,Muscle Gain,Intermediate,2,4,None,Active,Strength,High Protein
25,180,77,23.8,Female,Weight Loss,Professional,5,7,None,Very Active,Cardio,Calorie Deficit
52,158,45,18.0,Female,Muscle Gain,Professional,5,7,None,Very Active,Strength,High Protein
31,178,63,19.9,Male,Weight Loss,Intermediate,3,5,Asthma,Active,Moderate Cardio,Calorie Deficit
34,163,75,28.2,Male,Weight Loss,Beginner,3,3,Heart Condition,Active,Low-Impact Cardio,Calorie Deficit
53,189,58,16.2,Female,Flexibility,Professional,7,1,None,Very Active,Flexibility,Balanced
57,190,97,26.9,Female,Muscle Gain,Professional,3,3,None,Active,Strength,High Protein
21,171,92,31.5,Male,Muscle Gain,Intermediate,5,3,None,Very Active,Strength,High Protein
19,160,113,44.1,Female,Endurance,Intermediate,3,4,None,Active,Cardio,Balanced
23,172,106,35.8,Male,Flexibility,Beginner,1,5,None,Active,Flexibility,Balanced
59,150,110,48.9,Female,Endurance,Professional,3,6,None,Active,Cardio,Balanced
21,195,108,28.4,Female,Flexibility,Beginner,5,5,None,Very Active,Flexibility,Balanced
46,186,114,33.0,Male,Muscle Gain,Beginner,5,3,None,Very Active,Strength,High Protein
35,170,107,37.0,Male,Weight Loss,Intermediate,6,5,Asthma,Very Active,Moderate Cardio,Calorie Deficit
43,175,117,38.2,Female,Weight Loss,Professional,7,3,Asthma,Very Active,Moderate Cardio,Calorie Deficit
51,195,77,20.2,Female,Weight Loss,Professional,4,1,None,Active,Cardio,Calorie Deficit
27,185,85,24.8,Female,Weight Loss,Professional,4,5,None,Very Active,Cardio,Calorie Deficit
53,172,92,31.1,Female,Weight Loss,Intermediate,5,0,Hypertension,Active,Cardio,Low Sodium Balanced
31,150,57,25.3,Female,Endurance,Intermediate,4,4,None,Active,Cardio,Balanced
48,189,117,32.8,Female,Flexibility,Intermediate,4,3,None,Active,Flexibility,Balanced
32,164,75,27.9,Female,Muscle Gain,Intermediate,3,5,None,Active,Strength,High Protein
25,170,119,41.2,Male,Endurance,Intermediate,4,5,None,Very Active,Cardio,Balanced
31,196,112,29.2,Male,Flexibility,Professional,5,3,None,Very Active,Flexibility,Balanced
40,158,48,19.2,Male,Weight Loss,Beginner,1,5,None,Active,Cardio,Calorie Deficit
57,158,63,25.2,Female,Flexibility,Professional,5,3,None,Very Active,Flexibility,Balanced
38,159,114,45.1,Male,Flexibility,Beginner,3,3,None,Active,Flexibility,Balanced
33,175,57,18.6,Female,Weight Loss,Intermediate,4,5,None,Very Active,Cardio,Calorie Deficit
35,190,67,18.6,Female,Weight Loss,Beginner,2,5,None,Active,Cardio,Calorie Deficit
41,184,119,35.1,Female,Weight Loss,Professional,6,7,Diabetes,Very Active,Cardio,Low GI Balanced
43,174,45,14.9,Male,Muscle Gain,Professional,2,3,Diabetes,Active,Strength,Low GI Balanced
42,175,98,32.0,Male,Weight Loss,Beginner,2,4,None,Active,Cardio,Calorie Deficit
58,160,115,44.9,Male,Muscle Gain,Intermediate,5,5,Hypertension,Very Active,Strength,Low Sodium Balanced
46,187,59,16.9,Male,Weight Loss,Intermediate,4,6,None,Very Active,Cardio,Calorie Deficit
32,151,109,47.8,Male,Muscle Gain,Professional,4,2,Hypertension,Active,Strength,Low Sodium Balanced
18,156,115,47.3,Female,Flexibility,Beginner,4,5,None,Very Active,Flexibility,Balanced
42,167,59,21.2,Female,Endurance,Intermediate,4,4,None,Active,Cardio,Balanced
24,176,65,21.0,Female,Flexibility,Intermediate,5,3,None,Very Active,Flexibility,Balanced
26,183,63,18.8,Female,Flexibility,Professional,6,4,None,Very Active,Flexibility,Balanced
41,176,104,33.6,Male,Weight Loss,Intermediate,4,3,None,Active,Cardio,Calorie Deficit
18,166,77,27.9,Female,Muscle Gain,Beginner,3,4,Joint Pain,Active,Low-Impact Strength/Range,High Protein
25,192,93,25.2,Female,Endurance,Professional,3,6,None,Active,Cardio,Balanced
41,193,79,21.2,Male,Weight Loss,Professional,4,4,None,Active,Cardio,Calorie Deficit
28,173,88,29.4,Female,Weight Loss,Beginner,2,4,None,Active,Cardio,Calorie Deficit
34,174,55,18.2,Male,Weight Loss,Professional,5,4,None,Very Active,Cardio,Calorie Deficit
25,156,116,47.7,Female,Flexibility,Intermediate,4,1,None,Active,Flexibility,Balanced
52,155,118,49.1,Non-binary/Other,Muscle Gain,Intermediate,3,3,None,Active,Strength,High Protein
52,173,110,36.8,Male,Muscle Gain,Beginner,0,4,None,Lightly Active,Strength,High Protein
50,182,90,27.2,Female,Endurance,Intermediate,4,3,Diabetes,Active,Cardio,Low GI Balanced
22,198,53,13.5,Female,Muscle Gain,Beginner,2,2,None,Lightly Active,Strength,High Protein
59,178,47,14.8,Female,Muscle Gain,Beginner,4,4,None,Active,Strength,High Protein
56,192,70,19.0,Male,Weight Loss,Intermediate,1,3,None,Lightly Active,Cardio,Calorie Deficit
58,171,116,39.7,Female,Weight Loss,Beginner,3,3,Heart Condition,Active,Low-Impact Cardio,Calorie Deficit
45,175,92,30.0,Male,Flexibility,Intermediate,6,4,Joint Pain,Very Active,Low-Impact Strength/Range,Balanced
24,177,110,35.1,Male,Weight Loss,Professional,3,2,None,Active,Cardio,Calorie Deficit
26,199,114,28.8,Male,Weight Loss,Professional,5,6,None,Very Active,Cardio,Calorie Deficit
25,170,72,24.9,Female,Weight Loss,Beginner,1,6,None,Active,Cardio,Calorie Deficit
29,198,70,17.9,Female,Weight Loss,Intermediate,4,5,None,Very Active,Cardio,Calorie Deficit
51,156,69,28.4,Female,Flexibility,Intermediate,4,2,None,Active,Flexibility,Balanced
50,166,56,20.3,Female,Weight Loss,Professional,5,5,Hypertension,Very Active,Cardio,Low Sodium Balanced
40,169,49,17.2,Male,Endurance,Professional,5,6,None,Very Active,Cardio,Balanced
41,190,92,25.5,Male,Endurance,Intermediate,6,5,None,Very Active,Cardio,Balanced
54,198,81,20.7,Male,Endurance,Beginner,1,1,None,Lightly Active,Cardio,Balanced
52,169,88,30.8,Male,Endurance,Professional,2,5,None,Active,Cardio,Balanced
57,171,59,20.2,Male,Weight Loss,Beginner,5,5,None,Very Active,Cardio,Calorie Deficit
39,177,87,27.8,Male,Endurance,Beginner,3,4,None,Active,Cardio,Balanced
44,189,92,25.8,Male,Weight Loss,Professional,7,5,None,Very Active,Cardio,Calorie Deficit
52,198,114,29.1,Male,Flexibility,Beginner,3,3,None,Active,Flexibility,Balanced
18,156,90,37.0,Male,Endurance,Beginner,4,4,None,Active,Cardio,Balanced
52,150,87,38.7,Male,Muscle Gain,Intermediate,4,1,None,Active,Strength,High Protein
54,181,65,19.8,Female,Endurance,Beginner,4,4,Joint Pain,Active,Low-Impact Strength/Range,Balanced
31,162,67,25.5,Female,Endurance,Intermediate,6,2,None,Very Active,Cardio,Balanced
20,179,91,28.4,Female,Weight Loss,Professional,5,4,None,Very Active,Cardio,Calorie Deficit
18,172,59,19.9,Male,Endurance,Professional,3,3,None,Active,Cardio,Balanced
22,168,69,24.4,Male,Muscle Gain,Intermediate,3,4,None,Active,Strength,High Protein
43,181,80,24.4,Female,Weight Loss,Professional,4,2,None,Active,Cardio,Calorie Deficit
31,179,119,37.1,Male,Weight Loss,Beginner,2,5,None,Active,Cardio,Calorie Deficit
56,178,95,30.0,Male,Flexibility,Beginner,2,5,Joint Pain,Active,Low-Impact Strength/Range,Balanced
44,198,59,15.0,Male,Flexibility,Beginner,3,2,None,Active,Flexibility,Balanced
26,194,112,29.8,Male,Endurance,Professional,5,2,None,Active,Cardio,Balanced
32,178,65,20.5,Male,Flexibility,Beginner,3,2,Joint Pain,Active,Low-Impact Strength/Range,Balanced
32,179,57,17.8,Male,Flexibility,Professional,5,6,None,Very Active,Flexibility,Balanced
43,165,63,23.1,Female,Flexibility,Beginner,1,4,None,Lightly Active,Flexibility,Balanced
59,189,78,21.8,Male,Weight Loss,Intermediate,2,4,None,Active,Cardio,Calorie Deficit
30,168,112,39.7,Male,Weight Loss,Professional,3,2,None,Active,Cardio,Calorie Deficit
49,167,96,34.4,Female,Weight Loss,Professional,5,5,None,Very Active,Cardio,Calorie Deficit
56,150,71,31.6,Male,Flexibility,Beginner,2,6,Diabetes,Active,Flexibility,Low GI Balanced
49,163,73,27.5,Male,Weight Loss,Professional,4,6,None,Very Active,Cardio,Calorie Deficit
21,196,72,18.7,Female,Flexibility,Professional,5,5,None,Very Active,Flexibility,Balanced
47,199,79,19.9,Male,Weight Loss,Intermediate,5,1,None,Active,Cardio,Calorie Deficit
54,151,52,22.8,Male,Weight Loss,Intermediate,0,2,None,Sedentary,Cardio,Calorie Deficit
40,177,60,19.2,Male,Muscle Gain,Beginner,3,0,None,Lightly Active,Strength,High Protein
56,198,80,20.4,Male,Endurance,Intermediate,5,3,Hypertension,Very Active,Cardio,Low Sodium Balanced
32,199,74,18.7,Female,Flexibility,Beginner,4,2,None,Active,Flexibility,Balanced
46,179,62,19.4,Female,Muscle Gain,Beginner,5,3,Joint Pain,Very Active,Low-Impact Strength/Range,High Protein
53,187,46,13.2,Male,Weight Loss,Beginner,0,3,None,Lightly Active,Cardio,Calorie Deficit
30,153,93,39.7,Female,Flexibility,Professional,3,6,None,Active,Flexibility,Balanced
49,150,48,21.3,Female,Weight Loss,Intermediate,6,5,None,Very Active,Cardio,Calorie Deficit
24,157,119,48.3,Male,Endurance,Beginner,3,5,None,Active,Cardio,Balanced
39,178,51,16.1,Female,Muscle Gain,Intermediate,4,5,None,Very Active,Strength,High Protein
45,188,118,33.4,Male,Endurance,Beginner,3,1,None,Active,Cardio,Balanced
19,152,83,35.9,Male,Muscle Gain,Intermediate,5,5,None,Very Active,Strength,High Protein
59,181,57,17.4,Male,Weight Loss,Intermediate,6,3,Joint Pain,Very Active,Low-Impact Strength/Range,Calorie Deficit
23,159,75,29.7,Male,Endurance,Beginner,7,4,None,Very Active,Cardio,Balanced
45,159,115,45.5,Male,Endurance,Professional,6,3,None,Very Active,Cardio,Balanced
45,168,107,37.9,Female,Weight Loss,Intermediate,3,7,Hypertension,Very Active,Cardio,Low Sodium Balanced
37,195,100,26.3,Male,Endurance,Professional,7,3,None,Very Active,Cardio,Balanced
47,183,86,25.7,Male,Flexibility,Professional,2,3,None,Active,Flexibility,Balanced
28,182,105,31.7,Male,Muscle Gain,Beginner,2,6,None,Active,Strength,High Protein
45,172,86,29.1,Female,Muscle Gain,Beginner,5,0,None,Active,Strength,High Protein
42,177,100,31.9,Female,Muscle Gain,Beginner,2,5,None,Active,Strength,High Protein
56,181,80,24.4,Female,Flexibility,Intermediate,3,5,None,Active,Flexibility,Balanced
50,199,112,28.3,Female,Muscle Gain,Beginner,1,5,None,Active,Strength,High Protein
18,156,51,21.0,Female,Weight Loss,Beginner,4,7,None,Very Active,Cardio,Calorie Deficit
44,178,98,30.9,Male,Endurance,Intermediate,4,7,None,Very Active,Cardio,Balanced
30,157,45,18.3,Female,Flexibility,Intermediate,5,1,None,Active,Flexibility,Balanced
58,150,88,39.1,Female,Muscle Gain,Beginner,2,5,None,Active,Strength,High Protein
20,152,89,38.5,Non-binary/Other,Weight Loss,Beginner,4,4,None,Active,Cardio,Calorie Deficit
56,173,91,30.4,Female,Endurance,Beginner,4,4,None,Active,Cardio,Balanced
23,172,57,19.3,Male,Endurance,Beginner,2,2,None,Lightly Active,Cardio,Balanced
25,157,66,26.8,Male,Flexibility,Professional,5,5,None,Very Active,Flexibility,Balanced
44,196,65,16.9,Male,Flexibility,Professional,4,7,None,Very Active,Flexibility,Balanced
26,186,53,15.3,Female,Flexibility,Beginner,6,6,None,Very Active,Flexibility,Balanced
54,152,70,30.3,Male,Weight Loss,Professional,5,4,Asthma,Very Active,Moderate Cardio,Calorie Deficit
50,182,53,16.0,Male,Weight Loss,Intermediate,6,1,None,Very Active,Cardio,Calorie Deficit
59,177,59,18.8,Female,Flexibility,Professional,4,4,None,Active,Flexibility,Balanced
41,196,54,14.1,Male,Muscle Gain,Professional,6,6,None,Very Active,Strength,High Protein
32,157,86,34.9,Female,Endurance,Beginner,4,5,None,Very Active,Cardio,Balanced
49,183,116,34.6,Male,Endurance,Professional,6,4,None,Very Active,Cardio,Balanced
49,184,68,20.1,Male,Weight Loss,Professional,7,1,Hypertension,Very Active,Cardio,Low Sodium Balanced
41,181,93,28.4,Male,Endurance,Professional,5,4,None,Very Active,Cardio,Balanced
58,173,70,23.4,Female,Muscle Gain,Professional,3,4,None,Active,Strength,High Protein
29,163,81,30.5,Male,Endurance,Intermediate,5,6,None,Very Active,Cardio,Balanced
56,181,112,34.2,Male,Weight Loss,Beginner,4,4,None,Active,Cardio,Calorie Deficit
19,195,94,24.7,Female,Weight Loss,Beginner,3,3,None,Active,Cardio,Calorie Deficit
20,192,68,18.4,Male,Muscle Gain,Intermediate,3,4,None,Active,Strength,High Protein
54,165,63,23.1,Female,Muscle Gain,Professional,5,1,None,Active,Strength,High Protein
34,153,104,44.4,Female,Endurance,Intermediate,3,7,None,Very Active,Cardio,Balanced
19,186,83,24.0,Male,Endurance,Professional,5,4,None,Very Active,Cardio,Balanced
19,170,118,40.8,Female,Weight Loss,Intermediate,4,4,None,Active,Cardio,Calorie Deficit
45,163,62,23.3,Male,Muscle Gain,Beginner,4,3,None,Active,Strength,High Protein
40,180,63,19.4,Female,Muscle Gain,Beginner,2,5,None,Active,Strength,High Protein
54,197,80,20.6,Male,Muscle Gain,Beginner,2,4,None,Active,Strength,High Protein
49,167,118,42.3,Female,Endurance,Professional,4,5,None,Very Active,Cardio,Balanced
50,156,99,40.7,Male,Muscle Gain,Professional,4,3,None,Active,Strength,High Protein
18,159,113,44.7,Female,Weight Loss,Intermediate,5,3,None,Very Active,Cardio,Calorie Deficit
36,156,91,37.4,Male,Weight Loss,Intermediate,6,2,Asthma,Very Active,Moderate Cardio,Calorie Deficit
19,182,93,28.1,Male,Endurance,Beginner,2,4,None,Active,Cardio,Balanced
43,172,77,26.0,Male,Flexibility,Professional,6,1,None,Very Active,Flexibility,Balanced
49,170,65,22.5,Male,Endurance,Intermediate,6,4,None,Very Active,Cardio,Balanced
23,168,66,23.4,Female,Flexibility,Professional,6,6,None,Very Active,Flexibility,Balanced
49,197,92,23.7,Male,Muscle Gain,Professional,3,6,None,Active,Strength,High Protein
21,168,81,28.7,Female,Endurance,Beginner,5,3,Asthma,Very Active,Moderate Cardio,Balanced
28,185,59,17.2,Female,Weight Loss,Beginner,2,3,None,Active,Cardio,Calorie Deficit
34,178,79,24.9,Female,Muscle Gain,Professional,4,1,None,Active,Strength,High Protein
55,167,115,41.2,Male,Weight Loss,Professional,2,5,None,Active,Cardio,Calorie Deficit
41,151,76,33.3,Male,Muscle Gain,Professional,5,6,None,Very Active,Strength,High Protein
22,150,55,24.4,Female,Endurance,Professional,3,3,None,Active,Cardio,Balanced
51,196,54,14.1,Male,Flexibility,Beginner,2,3,None,Active,Flexibility,Balanced
23,154,117,49.3,Male,Muscle Gain,Intermediate,3,6,None,Active,Strength,High Protein
39,169,101,35.4,Female,Flexibility,Beginner,4,6,None,Very Active,Flexibility,Balanced
28,160,69,27.0,Female,Muscle Gain,Intermediate,6,3,None,Very Active,Strength,High Protein
33,191,46,12.6,Female,Weight Loss,Professional,4,4,None,Active,Cardio,Calorie Deficit
50,151,108,47.4,Male,Weight Loss,Intermediate,6,3,Heart Condition,Very Active,Low-Impact Cardio,Calorie Deficit
26,152,79,34.2,Female,Muscle Gain,Beginner,4,1,None,Active,Strength,High Protein
23,172,51,17.2,Male,Flexibility,Beginner,4,6,None,Very Active,Flexibility,Balanced
33,161,62,23.9,Male,Endurance,Professional,3,6,None,Active,Cardio,Balanced
46,169,111,38.9,Female,Endurance,Beginner,4,5,None,Very Active,Cardio,Balanced
20,154,86,36.3,Male,Weight Loss,Professional,7,1,None,Very Active,Cardio,Calorie Deficit
37,186,83,24.0,Male,Endurance,Beginner,4,5,None,Very Active,Cardio,Balanced
53,187,85,24.3,Male,Weight Loss,Beginner,2,3,Diabetes,Active,Cardio,Low GI Balanced
36,179,119,37.1,Female,Endurance,Professional,5,3,None,Very Active,Cardio,Balanced
43,158,68,27.2,Female,Muscle Gain,Intermediate,4,4,None,Active,Strength,High Protein
20,183,104,31.1,Female,Weight Loss,Beginner,3,1,None,Active,Cardio,Calorie Deficit
36,193,90,24.2,Female,Weight Loss,Intermediate,2,5,None,Active,Cardio,Calorie Deficit
37,184,63,18.6,Male,Muscle Gain,Beginner,2,4,None,Active,Strength,High Protein
49,171,112,38.3,Male,Weight Loss,Beginner,4,2,None,Active,Cardio,Calorie Deficit
24,193,86,23.1,Male,Endurance,Beginner,5,2,None,Active,Cardio,Balanced
58,173,76,25.4,Male,Endurance,Beginner,1,2,None,Lightly Active,Cardio,Balanced
50,166,83,30.1,Male,Weight Loss,Intermediate,7,1,Hypertension,Very Active,Cardio,Low Sodium Balanced
57,159,80,31.6,Female,Endurance,Intermediate,3,4,None,Active,Cardio,Balanced
56,179,80,25.0,Male,Flexibility,Beginner,3,5,None,Active,Flexibility,Balanced
35,195,47,12.4,Male,Weight Loss,Beginner,4,0,None,Active,Cardio,Calorie Deficit
57,172,117,39.5,Male,Muscle Gain,Intermediate,5,1,Hypertension,Active,Strength,Low Sodium Balanced
18,181,52,15.9,Male,Flexibility,Professional,7,4,None,Very Active,Flexibility,Balanced
28,166,114,41.4,Female,Weight Loss,Professional,4,6,None,Very Active,Cardio,Calorie Deficit
45,199,85,21.5,Male,Muscle Gain,Intermediate,6,3,None,Very Active,Strength,High Protein
42,166,112,40.6,Male,Endurance,Beginner,1,3,None,Lightly Active,Cardio,Balanced
40,163,57,21.5,Female,Muscle Gain,Beginner,4,4,None,Active,Strength,High Protein
48,158,93,37.3,Male,Flexibility,Professional,6,3,None,Very Active,Flexibility,Balanced
47,189,104,29.1,Male,Endurance,Professional,6,0,None,Active,Cardio,Balanced
59,151,46,20.2,Male,Weight Loss,Intermediate,3,5,None,Active,Cardio,Calorie Deficit
52,194,104,27.6,Female,Endurance,Professional,7,5,None,Very Active,Cardio,Balanced
24,174,49,16.2,Non-binary/Other,Weight Loss,Intermediate,2,4,None,Active,Cardio,Calorie Deficit
33,188,88,24.9,Female,Weight Loss,Professional,2,5,Diabetes,Active,Cardio,Low GI Balanced
43,158,71,28.4,Male,Muscle Gain,Professional,6,5,None,Very Active,Strength,High Protein
19,171,76,26.0,Female,Muscle Gain,Professional,5,3,None,Very Active,Strength,High Protein
18,192,65,17.6,Male,Muscle Gain,Beginner,4,3,None,Active,Strength,High Protein
29,195,52,13.7,Male,Flexibility,Beginner,2,2,None,Lightly Active,Flexibility,Balanced
22,153,116,49.6,Male,Flexibility,Beginner,1,2,None,Lightly Active,Flexibility,Balanced
54,175,94,30.7,Male,Muscle Gain,Professional,6,5,None,Very Active,Strength,High Protein
49,178,111,35.0,Female,Flexibility,Intermediate,4,6,None,Very Active,Flexibility,Balanced
26,194,88,23.4,Female,Endurance,Intermediate,2,7,None,Active,Cardio,Balanced
58,183,102,30.5,Female,Endurance,Intermediate,5,5,None,Very Active,Cardio,Balanced
52,172,47,15.9,Female,Flexibility,Intermediate,4,3,None,Active,Flexibility,Balanced
36,186,114,33.0,Female,Flexibility,Beginner,3,1,None,Active,Flexibility,Balanced
33,160,46,18.0,Male,Endurance,Beginner,3,5,None,Active,Cardio,Balanced
20,155,88,36.6,Male,Weight Loss,Professional,6,4,None,Very Active,Cardio,Calorie Deficit
37,167,46,16.5,Female,Endurance,Professional,6,5,None,Very Active,Cardio,Balanced
41,170,79,27.3,Male,Endurance,Intermediate,5,5,None,Very Active,Cardio,Balanced
50,191,74,20.3,Female,Flexibility,Beginner,1,5,None,Active,Flexibility,Balanced
41,185,52,15.2,Male,Endurance,Intermediate,5,6,None,Very Active,Cardio,Balanced
28,190,66,18.3,Male,Flexibility,Professional,6,1,None,Very Active,Flexibility,Balanced
25,187,88,25.2,Male,Flexibility,Professional,6,5,None,Very Active,Flexibility,Balanced
53,183,102,30.5,Male,Muscle Gain,Intermediate,3,6,None,Active,Strength,High Protein
55,166,80,29.0,Male,Endurance,Professional,7,3,None,Very Active,Cardio,Balanced
57,186,113,32.7,Female,Weight Loss,Intermediate,5,5,None,Very Active,Cardio,Calorie Deficit
37,174,75,24.8,Male,Muscle Gain,Beginner,1,3,None,Lightly Active,Strength,High Protein
52,187,91,26.0,Female,Flexibility,Intermediate,3,7,Diabetes,Very Active,Flexibility,Low GI Balanced
42,161,99,38.2,Male,Flexibility,Beginner,5,0,None,Active,Flexibility,Balanced
52,172,106,35.8,Male,Weight Loss,Beginner,0,4,None,Lightly Active,Cardio,Calorie Deficit
42,191,74,20.3,Male,Flexibility,Professional,7,2,None,Very Active,Flexibility,Balanced
46,171,99,33.9,Female,Endurance,Professional,6,5,None,Very Active,Cardio,Balanced
35,170,60,20.8,Male,Muscle Gain,Professional,5,2,None,Active,Strength,High Protein
35,176,56,18.1,Female,Flexibility,Intermediate,3,3,None,Active,Flexibility,Balanced
19,180,61,18.8,Male,Flexibility,Intermediate,3,4,None,Active,Flexibility,Balanced
52,155,60,25.0,Female,Weight Loss,Professional,7,6,None,Very Active,Cardio,Calorie Deficit
33,176,56,18.1,Male,Endurance,Intermediate,3,3,None,Active,Cardio,Balanced
58,189,52,14.6,Female,Flexibility,Professional,6,2,Heart Condition,Very Active,Low-Impact Cardio,Balanced
53,183,47,14.0,Female,Weight Loss,Intermediate,3,5,None,Active,Cardio,Calorie Deficit
50,161,60,23.1,Female,Flexibility,Beginner,1,4,None,Lightly Active,Flexibility,Balanced
21,194,74,19.7,Male,Weight Loss,Beginner,0,6,None,Lightly Active,Cardio,Calorie Deficit
50,156,67,27.5,Male,Weight Loss,Professional,5,2,None,Active,Cardio,Calorie Deficit
31,159,49,19.4,Male,Endurance,Intermediate,7,5,None,Very Active,Cardio,Balanced
38,194,109,29.0,Female,Flexibility,Intermediate,3,3,None,Active,Flexibility,Balanced
37,166,74,26.9,Female,Endurance,Beginner,2,2,None,Lightly Active,Cardio,Balanced
25,175,65,21.2,Female,Weight Loss,Beginner,2,5,None,Active,Cardio,Calorie Deficit
24,170,114,39.4,Male,Muscle Gain,Professional,5,5,None,Very Active,Strength,High Protein
20,177,66,21.1,Male,Flexibility,Beginner,3,5,None,Active,Flexibility,Balanced
34,195,116,30.5,Male,Muscle Gain,Professional,7,3,None,Very Active,Strength,High Protein
50,151,76,33.3,Female,Flexibility,Beginner,3,3,Asthma,Active,Flexibility,Balanced
29,192,77,20.9,Female,Endurance,Beginner,3,3,None,Active,Cardio,Balanced
39,150,60,26.7,Female,Endurance,Intermediate,2,7,Diabetes,Active,Cardio,Low GI Balanced
39,185,82,24.0,Male,Endurance,Beginner,6,3,None,Very Active,Cardio,Balanced
47,175,58,18.9,Female,Endurance,Beginner,2,3,None,Active,Cardio,Balanced
55,178,80,25.2,Female,Endurance,Professional,3,3,Joint Pain,Active,Low-Impact Strength/Range,Balanced
55,170,67,23.2,Male,Muscle Gain,Beginner,3,4,None,Active,Strength,High Protein
25,160,110,43.0,Female,Endurance,Professional,5,3,None,Very Active,Cardio,Balanced
44,189,46,12.9,Female,Weight Loss,Beginner,2,6,None,Active,Cardio,Calorie Deficit
44,160,117,45.7,Female,Weight Loss,Beginner,3,3,None,Active,Cardio,Calorie Deficit
51,185,109,31.8,Female,Muscle Gain,Professional,6,6,Heart Condition,Very Active,Low-Impact Cardio,High Protein
38,198,119,30.4,Male,Flexibility,Intermediate,3,2,None,Active,Flexibility,Balanced
47,188,111,31.4,Male,Weight Loss,Professional,6,5,None,Very Active,Cardio,Calorie Deficit
50,189,96,26.9,Female,Flexibility,Professional,5,6,None,Very Active,Flexibility,Balanced
45,184,106,31.3,Male,Muscle Gain,Professional,5,2,None,Active,Strength,High Protein
50,183,67,20.0,Female,Flexibility,Intermediate,4,7,Hypertension,Very Active,Flexibility,Low Sodium Balanced
22,196,70,18.2,Female,Flexibility,Beginner,2,3,None,Active,Flexibility,Balanced
36,173,112,37.4,Female,Flexibility,Professional,6,6,None,Very Active,Flexibility,Balanced
21,171,99,33.9,Non-binary/Other,Flexibility,Professional,5,5,None,Very Active,Flexibility,Balanced
52,154,50,21.1,Male,Muscle Gain,Intermediate,3,3,None,Active,Strength,High Protein
34,182,79,23.8,Male,Weight Loss,Professional,5,3,None,Very Active,Cardio,Calorie Deficit
45,185,66,19.3,Male,Endurance,Beginner,7,3,None,Very Active,Cardio,Balanced
47,196,87,22.6,Male,Flexibility,Intermediate,4,2,None,Active,Flexibility,Balanced
46,169,59,20.7,Male,Weight Loss,Beginner,5,2,None,Active,Cardio,Calorie Deficit
23,168,104,36.8,Male,Weight Loss,Beginner,2,1,None,Lightly Active,Cardio,Calorie Deficit
52,184,56,16.5,Female,Muscle Gain,Intermediate,1,4,None,Lightly Active,Strength,High Protein
58,192,93,25.2,Female,Weight Loss,Professional,4,5,None,Very Active,Cardio,Calorie Deficit
54,166,86,31.2,Male,Muscle Gain,Beginner,2,2,None,Lightly Active,Strength,High Protein
41,194,82,21.8,Male,Flexibility,Beginner,2,2,None,Lightly Active,Flexibility,Balanced
46,192,89,24.1,Female,Flexibility,Beginner,0,4,None,Lightly Active,Flexibility,Balanced
48,183,79,23.6,Male,Endurance,Beginner,5,2,None,Active,Cardio,Balanced
52,158,74,29.6,Male,Endurance,Intermediate,5,2,Heart Condition,Active,Low-Impact Cardio,Balanced
50,175,74,24.2,Male,Endurance,Intermediate,5,2,None,Active,Cardio,Balanced
38,151,50,21.9,Female,Weight Loss,Beginner,1,6,None,Active,Cardio,Calorie Deficit
49,158,111,44.5,Male,Flexibility,Professional,3,6,None,Active,Flexibility,Balanced
40,158,51,20.4,Female,Muscle Gain,Beginner,0,3,None,Lightly Active,Strength,High Protein
50,189,96,26.9,Male,Endurance,Professional,6,5,None,Very Active,Cardio,Balanced
20,166,58,21.0,Female,Muscle Gain,Beginner,5,4,None,Very Active,Strength,High Protein
35,150,117,52.0,Male,Muscle Gain,Professional,5,5,None,Very Active,Strength,High Protein
42,174,59,19.5,Male,Endurance,Beginner,1,5,Diabetes,Active,Cardio,Low GI Balanced
59,192,65,17.6,Female,Flexibility,Professional,5,5,None,Very Active,Flexibility,Balanced
48,189,79,22.1,Female,Endurance,Beginner,2,3,None,Active,Cardio,Balanced
20,191,110,30.2,Female,Muscle Gain,Beginner,2,0,None,Lightly Active,Strength,High Protein
57,174,46,15.2,Female,Endurance,Professional,5,4,None,Very Active,Cardio,Balanced
41,188,79,22.4,Female,Muscle Gain,Intermediate,5,6,None,Very Active,Strength,High Protein
49,184,64,18.9,Female,Muscle Gain,Professional,3,4,None,Active,Strength,High Protein
39,152,54,23.4,Female,Endurance,Intermediate,1,6,None,Active,Cardio,Balanced
40,199,69,17.4,Male,Weight Loss,Beginner,7,7,None,Very Active,Cardio,Calorie Deficit
19,186,110,31.8,Male,Endurance,Professional,4,2,None,Active,Cardio,Balanced
44,193,69,18.5,Male,Weight Loss,Professional,2,5,None,Active,Cardio,Calorie Deficit
59,193,98,26.3,Female,Muscle Gain,Professional,3,5,None,Active,Strength,High Protein
19,179,77,24.0,Male,Muscle Gain,Intermediate,1,7,None,Active,Strength,High Protein
43,187,80,22.9,Male,Weight Loss,Intermediate,3,7,None,Very Active,Cardio,Calorie Deficit
34,183,58,17.3,Female,Muscle Gain,Beginner,4,5,None,Very Active,Strength,High Protein
57,161,109,42.1,Female,Weight Loss,Intermediate,3,3,None,Active,Cardio,Calorie Deficit
50,168,98,34.7,Female,Weight Loss,Intermediate,4,5,None,Very Active,Cardio,Calorie Deficit
26,186,96,27.7,Male,Muscle Gain,Beginner,3,1,None,Active,Strength,High Protein
56,193,47,12.6,Female,Flexibility,Professional,5,5,Joint Pain,Very Active,Low-Impact Strength/Range,Balanced
46,198,85,21.7,Male,Weight Loss,Professional,6,6,Hypertension,Very Active,Cardio,Low Sodium Balanced
59,166,50,18.1,Male,Endurance,Beginner,5,3,None,Very Active,Cardio,Balanced
43,159,69,27.3,Male,Endurance,Professional,1,5,None,Active,Cardio,Balanced
52,198,57,14.5,Male,Muscle Gain,Intermediate,5,4,None,Very Active,Strength,High Protein
42,196,52,13.5,Male,Flexibility,Beginner,3,3,None,Active,Flexibility,Balanced
41,161,65,25.1,Female,Muscle Gain,Beginner,6,3,None,Very Active,Strength,High Protein
30,165,112,41.1,Male,Flexibility,Beginner,3,5,None,Active,Flexibility,Balanced
24,173,69,23.1,Female,Weight Loss,Professional,7,6,None,Very Active,Cardio,Calorie Deficit
53,168,112,39.7,Female,Weight Loss,Beginner,4,6,None,Very Active,Cardio,Calorie Deficit
37,157,89,36.1,Male,Weight Loss,Beginner,2,2,None,Lightly Active,Cardio,Calorie Deficit
18,180,104,32.1,Male,Weight Loss,Beginner,3,6,Hypertension,Active,Cardio,Low Sodium Balanced
25,170,56,19.4,Male,Endurance,Professional,7,5,None,Very Active,Cardio,Balanced
33,166,76,27.6,Female,Endurance,Intermediate,6,3,None,Very Active,Cardio,Balanced
31,172,57,19.3,Male,Muscle Gain,Beginner,1,1,None,Lightly Active,Strength,High Protein
29,186,75,21.7,Male,Flexibility,Intermediate,5,3,None,Very Active,Flexibility,Balanced
40,165,64,23.5,Male,Weight Loss,Professional,4,6,None,Very Active,Cardio,Calorie Deficit
32,155,62,25.8,Female,Weight Loss,Professional,1,5,None,Active,Cardio,Calorie Deficit
45,157,104,42.2,Female,Flexibility,Professional,5,5,None,Very Active,Flexibility,Balanced
51,174,107,35.3,Male,Flexibility,Professional,4,3,None,Active,Flexibility,Balanced
19,167,50,17.9,Female,Muscle Gain,Intermediate,5,5,None,Very Active,Strength,High Protein
49,174,76,25.1,Female,Flexibility,Beginner,2,0,None,Lightly Active,Flexibility,Balanced
40,161,87,33.6,Female,Weight Loss,Professional,6,4,None,Very Active,Cardio,Calorie Deficit
39,164,46,17.1,Female,Weight Loss,Professional,1,5,None,Active,Cardio,Calorie Deficit
42,175,104,34.0,Female,Weight Loss,Intermediate,3,2,None,Active,Cardio,Calorie Deficit
39,190,67,18.6,Female,Weight Loss,Intermediate,3,6,None,Active,Cardio,Calorie Deficit
39,194,75,19.9,Female,Weight Loss,Professional,4,3,None,Active,Cardio,Calorie Deficit
59,175,49,16.0,Male,Muscle Gain,Beginner,0,4,None,Lightly Active,Strength,High Protein
23,196,78,20.3,Male,Weight Loss,Beginner,1,3,None,Lightly Active,Cardio,Calorie Deficit
32,181,54,16.5,Male,Muscle Gain,Professional,5,5,None,Very Active,Strength,High Protein
54,159,46,18.2,Female,Weight Loss,Intermediate,3,2,Asthma,Active,Moderate Cardio,Calorie Deficit
50,165,55,20.2,Female,Endurance,Professional,5,0,None,Active,Cardio,Balanced
25,156,94,38.6,Male,Endurance,Professional,4,6,None,Very Active,Cardio,Balanced
22,166,75,27.2,Female,Endurance,Intermediate,6,3,None,Very Active,Cardio,Balanced
56,172,100,33.8,Male,Endurance,Professional,7,6,None,Very Active,Cardio,Balanced
21,175,117,38.2,Male,Muscle Gain,Professional,5,7,None,Very Active,Strength,High Protein
23,170,53,18.3,Non-binary/Other,Muscle Gain,Professional,4,3,None,Active,Strength,High Protein
49,171,65,22.2,Male,Flexibility,Intermediate,2,3,None,Active,Flexibility,Balanced
47,156,117,48.1,Male,Weight Loss,Beginner,5,4,None,Very Active,Cardio,Calorie Deficit
52,163,72,27.1,Female,Endurance,Beginner,0,7,Hypertension,Active,Cardio,Low Sodium Balanced
57,164,106,39.4,Female,Muscle Gain,Intermediate,3,6,Heart Condition,Active,Low-Impact Cardio,High Protein
33,156,51,21.0,Male,Weight Loss,Beginner,2,4,None,Active,Cardio,Calorie Deficit
30,158,60,24.0,Female,Weight Loss,Professional,4,5,None,Very Active,Cardio,Calorie Deficit
59,197,48,12.4,Female,Muscle Gain,Beginner,1,2,None,Lightly Active,Strength,High Protein
47,157,48,19.5,Male,Endurance,Professional,6,7,None,Very Active,Cardio,Balanced
36,199,84,21.2,Male,Flexibility,Beginner,1,7,None,Active,Flexibility,Balanced
34,172,61,20.6,Female,Weight Loss,Intermediate,4,2,None,Active,Cardio,Calorie Deficit
36,178,96,30.3,Male,Flexibility,Beginner,1,3,None,Lightly Active,Flexibility,Balanced
45,167,96,34.4,Female,Endurance,Beginner,0,1,None,Sedentary,Cardio,Balanced
43,180,80,24.7,Female,Endurance,Beginner,5,3,None,Very Active,Cardio,Balanced
54,179,82,25.6,Non-binary/Other,Flexibility,Intermediate,3,5,Diabetes,Active,Flexibility,Low GI Balanced
43,188,94,26.6,Male,Endurance,Beginner,4,3,None,Active,Cardio,Balanced
40,184,107,31.6,Female,Weight Loss,Intermediate,4,2,None,Active,Cardio,Calorie Deficit
26,167,107,38.4,Male,Flexibility,Professional,3,3,None,Active,Flexibility,Balanced
29,191,106,29.1,Male,Endurance,Beginner,5,7,None,Very Active,Cardio,Balanced
18,188,51,14.4,Male,Flexibility,Intermediate,3,5,None,Active,Flexibility,Balanced
18,166,71,25.8,Male,Weight Loss,Intermediate,6,4,None,Very Active,Cardio,Calorie Deficit
51,163,58,21.8,Female,Endurance,Beginner,1,2,None,Lightly Active,Cardio,Balanced
49,180,115,35.5,Male,Weight Loss,Professional,6,7,Asthma,Very Active,Moderate Cardio,Calorie Deficit
42,173,49,16.4,Male,Endurance,Intermediate,0,6,None,Lightly Active,Cardio,Balanced
57,184,99,29.2,Female,Muscle Gain,Beginner,3,3,None,Active,Strength,High Protein
18,193,46,12.3,Male,Endurance,Professional,6,1,None,Very Active,Cardio,Balanced
33,194,106,28.2,Female,Flexibility,Intermediate,6,1,None,Very Active,Flexibility,Balanced
56,183,65,19.4,Male,Endurance,Intermediate,6,2,None,Very Active,Cardio,Balanced
22,152,65,28.1,Female,Weight Loss,Professional,6,5,None,Very Active,Cardio,Calorie Deficit
39,186,54,15.6,Female,Weight Loss,Professional,7,6,None,Very Active,Cardio,Calorie Deficit
46,192,102,27.7,Male,Endurance,Beginner,1,4,None,Lightly Active,Cardio,Balanced
20,189,83,23.2,Male,Flexibility,Beginner,2,5,None,Active,Flexibility,Balanced
29,175,49,16.0,Male,Muscle Gain,Intermediate,3,4,None,Active,Strength,High Protein
43,172,109,36.8,Female,Flexibility,Professional,4,5,None,Very Active,Flexibility,Balanced
33,193,57,15.3,Male,Muscle Gain,Professional,5,5,None,Very Active,Strength,High Protein
54,188,97,27.4,Male,Weight Loss,Professional,5,2,Joint Pain,Active,Low-Impact Strength/Range,Calorie Deficit
39,164,89,33.1,Male,Flexibility,Intermediate,2,3,None,Active,Flexibility,Balanced
46,198,76,19.4,Male,Muscle Gain,Professional,6,5,None,Very Active,Strength,High Protein
31,153,80,34.2,Male,Endurance,Professional,3,1,None,Active,Cardio,Balanced
45,178,104,32.8,Female,Weight Loss,Intermediate,3,3,None,Active,Cardio,Calorie Deficit
22,171,55,18.8,Male,Endurance,Beginner,3,4,None,Active,Cardio,Balanced
47,174,107,35.3,Male,Weight Loss,Beginner,4,7,None,Very Active,Cardio,Calorie Deficit
22,162,65,24.8,Female,Flexibility,Intermediate,5,4,None,Very Active,Flexibility,Balanced
29,167,96,34.4,Female,Flexibility,Professional,5,6,None,Very Active,Flexibility,Balanced
33,182,99,29.9,Male,Weight Loss,Intermediate,2,4,None,Active,Cardio,Calorie Deficit
43,165,70,25.7,Male,Weight Loss,Beginner,3,5,None,Active,Cardio,Calorie Deficit
43,194,112,29.8,Male,Weight Loss,Beginner,1,4,None,Lightly Active,Cardio,Calorie Deficit
38,191,78,21.4,Female,Flexibility,Intermediate,3,6,None,Active,Flexibility,Balanced
56,193,96,25.8,Male,Muscle Gain,Intermediate,4,4,None,Active,Strength,High Protein
53,151,96,42.1,Female,Endurance,Beginner,0,4,None,Lightly Active,Cardio,Balanced
50,184,73,21.6,Female,Endurance,Intermediate,3,5,None,Active,Cardio,Balanced
47,191,82,22.5,Female,Flexibility,Beginner,5,3,None,Very Active,Flexibility,Balanced
54,183,86,25.7,Male,Endurance,Intermediate,7,2,None,Very Active,Cardio,Balanced
40,179,65,20.3,Male,Weight Loss,Intermediate,3,2,None,Active,Cardio,Calorie Deficit
27,162,86,32.8,Male,Muscle Gain,Intermediate,1,0,Diabetes,Sedentary,Strength,Low GI Balanced
22,162,57,21.7,Male,Endurance,Beginner,1,6,None,Active,Cardio,Balanced
53,167,108,38.7,Female,Muscle Gain,Intermediate,3,3,Hypertension,Active,Strength,Low Sodium Balanced
51,181,61,18.6,Female,Weight Loss,Beginner,5,2,Joint Pain,Active,Low-Impact Strength/Range,Calorie Deficit
48,181,53,16.2,Female,Endurance,Beginner,1,5,None,Active,Cardio,Balanced
27,184,85,25.1,Female,Flexibility,Intermediate,5,3,Diabetes,Very Active,Flexibility,Low GI Balanced
36,188,45,12.7,Male,Muscle Gain,Intermediate,2,4,None,Active,Strength,High Protein
49,195,46,12.1,Male,Weight Loss,Beginner,6,2,None,Very Active,Cardio,Calorie Deficit
18,178,104,32.8,Male,Muscle Gain,Beginner,2,6,None,Active,Strength,High Protein
22,198,92,23.5,Female,Endurance,Professional,6,6,None,Very Active,Cardio,Balanced
21,178,73,23.0,Female,Endurance,Beginner,2,6,None,Active,Cardio,Balanced
33,193,54,14.5,Female,Flexibility,Professional,5,4,None,Very Active,Flexibility,Balanced
41,165,102,37.5,Male,Weight Loss,Professional,4,5,None,Very Active,Cardio,Calorie Deficit
33,193,104,27.9,Male,Weight Loss,Professional,3,2,None,Active,Cardio,Calorie Deficit
19,196,65,16.9,Female,Flexibility,Intermediate,6,0,None,Active,Flexibility,Balanced
45,159,72,28.5,Male,Flexibility,Intermediate,6,0,None,Active,Flexibility,Balanced
49,179,119,37.1,Female,Weight Loss,Beginner,5,4,None,Very Active,Cardio,Calorie Deficit
44,174,78,25.8,Female,Muscle Gain,Professional,5,4,None,Very Active,Strength,High Protein
37,188,52,14.7,Female,Muscle Gain,Intermediate,5,4,None,Very Active,Strength,High Protein
41,169,103,36.1,Male,Flexibility,Intermediate,1,0,None,Sedentary,Flexibility,Balanced
29,154,116,48.9,Male,Muscle Gain,Intermediate,3,4,Hypertension,Active,Strength,Low Sodium Balanced
52,150,93,41.3,Male,Weight Loss,Intermediate,3,5,None,Active,Cardio,Calorie Deficit
50,179,61,19.0,Male,Endurance,Intermediate,4,4,None,Active,Cardio,Balanced
50,198,104,26.5,Male,Endurance,Professional,4,5,Asthma,Very Active,Moderate Cardio,Balanced
54,152,89,38.5,Female,Muscle Gain,Professional,3,3,None,Active,Strength,High Protein
29,194,113,30.0,Female,Flexibility,Professional,5,6,None,Very Active,Flexibility,Balanced
20,163,76,28.6,Male,Flexibility,Professional,6,5,None,Very Active,Flexibility,Balanced
18,179,88,27.5,Male,Flexibility,Beginner,2,2,None,Lightly Active,Flexibility,Balanced
50,199,109,27.5,Male,Flexibility,Professional,3,3,Asthma,Active,Flexibility,Balanced
57,153,52,22.2,Male,Flexibility,Intermediate,3,5,Heart Condition,Active,Low-Impact Cardio,Balanced
27,167,116,41.6,Female,Muscle Gain,Professional,4,6,None,Very Active,Strength,High Protein
46,186,87,25.1,Male,Endurance,Beginner,2,3,None,Active,Cardio,Balanced
30,174,45,14.9,Male,Endurance,Intermediate,4,3,None,Active,Cardio,Balanced
29,197,95,24.5,Male,Muscle Gain,Professional,5,6,None,Very Active,Strength,High Protein
48,150,68,30.2,Female,Flexibility,Professional,6,5,None,Very Active,Flexibility,Balanced
19,195,68,17.9,Female,Muscle Gain,Professional,4,4,None,Active,Strength,High Protein
52,164,61,22.7,Male,Endurance,Intermediate,5,4,None,Very Active,Cardio,Balanced
40,158,49,19.6,Female,Weight Loss,Intermediate,3,3,None,Active,Cardio,Calorie Deficit
34,164,64,23.8,Female,Muscle Gain,Beginner,3,4,Asthma,Active,Strength,High Protein
43,198,65,16.6,Female,Flexibility,Intermediate,5,3,None,Very Active,Flexibility,Balanced
25,173,102,34.1,Male,Endurance,Intermediate,2,7,Hypertension,Active,Cardio,Low Sodium Balanced
46,153,75,32.0,Female,Endurance,Professional,3,4,None,Active,Cardio,Balanced
43,161,55,21.2,Female,Endurance,Intermediate,6,4,Joint Pain,Very Active,Low-Impact Strength/Range,Balanced
27,186,96,27.7,Female,Endurance,Professional,4,4,None,Active,Cardio,Balanced
43,186,59,17.1,Female,Flexibility,Professional,6,6,None,Very Active,Flexibility,Balanced
51,192,51,13.8,Female,Weight Loss,Intermediate,1,5,Heart Condition,Active,Low-Impact Cardio,Calorie Deficit
58,155,72,30.0,Male,Endurance,Beginner,4,3,None,Active,Cardio,Balanced
24,188,95,26.9,Female,Muscle Gain,Beginner,2,5,None,Active,Strength,High Protein
21,195,102,26.8,Female,Weight Loss,Intermediate,1,4,None,Lightly Active,Cardio,Calorie Deficit
28,173,49,16.4,Female,Endurance,Beginner,3,4,None,Active,Cardio,Balanced
46,160,49,19.1,Male,Weight Loss,Professional,4,3,None,Active,Cardio,Calorie Deficit
53,162,52,19.8,Female,Muscle Gain,Professional,4,4,None,Active,Strength,High Protein
42,183,108,32.2,Female,Endurance,Intermediate,2,3,None,Active,Cardio,Balanced
38,174,54,17.8,Male,Muscle Gain,Beginner,1,6,None,Active,Strength,High Protein
53,156,82,33.7,Female,Flexibility,Beginner,2,3,None,Active,Flexibility,Balanced
27,153,52,22.2,Female,Endurance,Professional,3,7,None,Very Active,Cardio,Balanced
54,157,69,28.0,Female,Endurance,Intermediate,6,4,Heart Condition,Very Active,Low-Impact Cardio,Balanced
26,169,117,41.0,Male,Endurance,Beginner,0,4,None,Lightly Active,Cardio,Balanced
41,178,110,34.7,Male,Endurance,Intermediate,4,4,None,Active,Cardio,Balanced
52,194,94,25.0,Female,Flexibility,Beginner,1,2,None,Lightly Active,Flexibility,Balanced
52,195,111,29.2,Male,Endurance,Professional,4,4,Joint Pain,Active,Low-Impact Strength/Range,Balanced
53,159,93,36.8,Female,Weight Loss,Professional,7,2,Diabetes,Very Active,Cardio,Low GI Balanced
35,192,80,21.7,Male,Endurance,Intermediate,2,5,None,Active,Cardio,Balanced
56,183,112,33.4,Female,Flexibility,Professional,7,4,None,Very Active,Flexibility,Balanced
49,175,85,27.8,Male,Endurance,Beginner,2,5,None,Active,Cardio,Balanced
41,190,106,29.4,Female,Weight Loss,Professional,6,3,None,Very Active,Cardio,Calorie Deficit
40,198,54,13.8,Male,Flexibility,Intermediate,4,2,None,Active,Flexibility,Balanced
49,152,65,28.1,Male,Flexibility,Intermediate,6,4,Hypertension,Very Active,Flexibility,Low Sodium Balanced
54,155,80,33.3,Male,Weight Loss,Intermediate,4,6,None,Very Active,Cardio,Calorie Deficit
29,154,56,23.6,Male,Weight Loss,Beginner,3,5,None,Active,Cardio,Calorie Deficit
30,154,46,19.4,Female,Weight Loss,Beginner,1,3,None,Lightly Active,Cardio,Calorie Deficit
40,196,57,14.8,Female,Weight Loss,Beginner,1,4,None,Lightly Active,Cardio,Calorie Deficit
42,172,97,32.8,Male,Weight Loss,Beginner,5,1,None,Active,Cardio,Calorie Deficit
52,198,76,19.4,Female,Flexibility,Beginner,2,7,None,Active,Flexibility,Balanced
58,158,60,24.0,Male,Flexibility,Professional,4,5,None,Very Active,Flexibility,Balanced
47,184,76,22.4,Female,Endurance,Beginner,4,3,None,Active,Cardio,Balanced
34,169,76,26.6,Female,Endurance,Beginner,2,4,Heart Condition,Active,Low-Impact Cardio,Balanced
37,198,55,14.0,Female,Muscle Gain,Professional,7,2,None,Very Active,Strength,High Protein
42,191,54,14.8,Male,Endurance,Beginner,4,7,None,Very Active,Cardio,Balanced
39,184,59,17.4,Female,Endurance,Intermediate,4,2,None,Active,Cardio,Balanced
30,199,61,15.4,Male,Weight Loss,Beginner,5,4,None,Very Active,Cardio,Calorie Deficit
36,167,84,30.1,Non-binary/Other,Weight Loss,Beginner,0,3,None,Lightly Active,Cardio,Calorie Deficit
53,166,62,22.5,Male,Endurance,Intermediate,3,5,None,Active,Cardio,Balanced
29,173,99,33.1,Female,Muscle Gain,Intermediate,4,5,None,Very Active,Strength,High Protein
58,152,117,50.6,Female,Weight Loss,Intermediate,3,5,None,Active,Cardio,Calorie Deficit
36,181,69,21.1,Female,Endurance,Intermediate,5,5,None,Very Active,Cardio,Balanced
29,184,103,30.4,Male,Endurance,Beginner,5,6,Hypertension,Very Active,Cardio,Low Sodium Balanced
26,187,66,18.9,Female,Flexibility,Intermediate,4,1,None,Active,Flexibility,Balanced
24,162,74,28.2,Male,Muscle Gain,Intermediate,3,3,None,Active,Strength,High Protein
45,196,88,22.9,Female,Flexibility,Professional,7,3,None,Very Active,Flexibility,Balanced
31,174,76,25.1,Male,Muscle Gain,Intermediate,4,7,None,Very Active,Strength,High Protein
48,158,95,38.1,Male,Weight Loss,Intermediate,4,4,None,Active,Cardio,Calorie Deficit
36,153,90,38.4,Female,Muscle Gain,Professional,4,5,Hypertension,Very Active,Strength,Low Sodium Balanced
33,163,65,24.5,Male,Endurance,Professional,7,5,None,Very Active,Cardio,Balanced
22,186,76,22.0,Male,Endurance,Beginner,3,2,None,Active,Cardio,Balanced
52,183,83,24.8,Male,Muscle Gain,Professional,6,3,None,Very Active,Strength,High Protein
29,160,56,21.9,Male,Muscle Gain,Beginner,4,3,None,Active,Strength,High Protein
42,190,91,25.2,Female,Muscle Gain,Professional,4,4,None,Active,Strength,High Protein
38,152,62,26.8,Female,Flexibility,Professional,5,3,None,Very Active,Flexibility,Balanced
53,177,65,20.7,Male,Muscle Gain,Beginner,4,0,None,Active,Strength,High Protein
40,178,57,18.0,Male,Weight Loss,Professional,4,6,None,Very Active,Cardio,Calorie Deficit
33,158,65,26.0,Male,Flexibility,Beginner,4,7,None,Very Active,Flexibility,Balanced
56,152,52,22.5,Male,Flexibility,Professional,7,3,None,Very Active,Flexibility,Balanced
59,174,90,29.7,Female,Muscle Gain,Intermediate,4,3,None,Active,Strength,High Protein
56,183,51,15.2,Female,Weight Loss,Professional,6,0,None,Active,Cardio,Calorie Deficit
31,161,67,25.8,Male,Flexibility,Beginner,4,5,None,Very Active,Flexibility,Balanced
48,191,119,32.6,Male,Endurance,Professional,6,6,None,Very Active,Cardio,Balanced
22,158,66,26.4,Male,Flexibility,Beginner,2,2,None,Lightly Active,Flexibility,Balanced
52,164,66,24.5,Female,Muscle Gain,Beginner,0,2,None,Sedentary,Strength,High Protein
40,189,73,20.4,Female,Weight Loss,Intermediate,3,5,None,Active,Cardio,Calorie Deficit
46,174,57,18.8,Male,Muscle Gain,Intermediate,5,5,Heart Condition,Very Active,Low-Impact Cardio,High Protein
28,154,46,19.4,Male,Endurance,Beginner,3,0,None,Lightly Active,Cardio,Balanced
35,160,73,28.5,Female,Endurance,Professional,6,5,None,Very Active,Cardio,Balanced
29,183,96,28.7,Female,Endurance,Beginner,2,3,None,Active,Cardio,Balanced
26,173,71,23.7,Male,Muscle Gain,Beginner,3,3,None,Active,Strength,High Protein
27,164,94,34.9,Male,Flexibility,Professional,3,5,None,Active,Flexibility,Balanced
34,187,67,19.2,Male,Muscle Gain,Professional,6,6,None,Very Active,Strength,High Protein
55,157,88,35.7,Female,Weight Loss,Professional,5,4,None,Very Active,Cardio,Calorie Deficit
24,154,66,27.8,Male,Flexibility,Professional,4,6,None,Very Active,Flexibility,Balanced
30,197,87,22.4,Male,Endurance,Beginner,2,3,None,Active,Cardio,Balanced
57,175,81,26.4,Female,Muscle Gain,Beginner,4,5,None,Very Active,Strength,High Protein
59,167,105,37.6,Male,Endurance,Intermediate,4,4,None,Active,Cardio,Balanced
26,155,100,41.6,Female,Endurance,Beginner,2,6,None,Active,Cardio,Balanced
44,186,47,13.6,Male,Weight Loss,Professional,7,6,None,Very Active,Cardio,Calorie Deficit
19,197,107,27.6,Male,Flexibility,Intermediate,5,2,None,Active,Flexibility,Balanced
22,162,63,24.0,Female,Weight Loss,Professional,7,6,None,Very Active,Cardio,Calorie Deficit
46,177,67,21.4,Male,Weight Loss,Beginner,3,5,None,Active,Cardio,Calorie Deficit
54,154,73,30.8,Female,Weight Loss,Intermediate,4,5,None,Very Active,Cardio,Calorie Deficit
55,162,74,28.2,Female,Endurance,Professional,7,3,None,Very Active,Cardio,Balanced
36,166,83,30.1,Male,Weight Loss,Intermediate,4,5,None,Very Active,Cardio,Calorie Deficit
25,199,69,17.4,Female,Weight Loss,Intermediate,5,6,Hypertension,Very Active,Cardio,Low Sodium Balanced
18,189,52,14.6,Male,Flexibility,Beginner,2,3,None,Active,Flexibility,Balanced
39,194,102,27.1,Female,Flexibility,Professional,5,7,None,Very Active,Flexibility,Balanced
34,181,60,18.3,Male,Weight Loss,Intermediate,2,1,None,Lightly Active,Cardio,Calorie Deficit
24,178,116,36.6,Female,Flexibility,Intermediate,3,2,None,Active,Flexibility,Balanced
42,152,45,19.5,Male,Flexibility,Professional,1,4,None,Lightly Active,Flexibility,Balanced
21,189,49,13.7,Male,Weight Loss,Intermediate,1,4,None,Lightly Active,Cardio,Calorie Deficit
53,183,47,14.0,Female,Endurance,Intermediate,7,5,Heart Condition,Very Active,Low-Impact Cardio,Balanced
23,189,109,30.5,Female,Weight Loss,Intermediate,3,0,None,Lightly Active,Cardio,Calorie Deficit
48,176,48,15.5,Male,Flexibility,Professional,6,7,None,Very Active,Flexibility,Balanced
36,162,108,41.2,Male,Endurance,Professional,6,1,None,Very Active,Cardio,Balanced
56,194,54,14.3,Female,Muscle Gain,Professional,5,2,None,Active,Strength,High Protein
44,182,65,19.6,Female,Endurance,Professional,3,0,None,Lightly Active,Cardio,Balanced
27,155,90,37.5,Male,Flexibility,Beginner,4,4,None,Active,Flexibility,Balanced
43,173,71,23.7,Male,Endurance,Intermediate,4,6,None,Very Active,Cardio,Balanced
36,168,110,39.0,Male,Weight Loss,Professional,6,5,Asthma,Very Active,Moderate Cardio,Calorie Deficit
56,165,85,31.2,Female,Muscle Gain,Intermediate,5,6,Asthma,Very Active,Strength,High Protein
20,189,57,16.0,Male,Muscle Gain,Intermediate,7,0,None,Very Active,Strength,High Protein
30,177,53,16.9,Male,Muscle Gain,Beginner,3,4,None,Active,Strength,High Protein
45,182,80,24.2,Female,Flexibility,Professional,4,4,None,Active,Flexibility,Balanced
37,197,102,26.3,Male,Flexibility,Professional,5,4,None,Very Active,Flexibility,Balanced
45,190,98,27.1,Male,Muscle Gain,Intermediate,1,1,None,Lightly Active,Strength,High Protein
25,162,56,21.3,Male,Endurance,Professional,7,5,None,Very Active,Cardio,Balanced
58,192,58,15.7,Male,Muscle Gain,Intermediate,2,4,None,Active,Strength,High Protein
56,194,78,20.7,Male,Endurance,Intermediate,3,5,None,Active,Cardio,Balanced
18,174,97,32.0,Female,Endurance,Beginner,4,4,None,Active,Cardio,Balanced
20,191,64,17.5,Male,Flexibility,Beginner,3,2,None,Active,Flexibility,Balanced
30,185,119,34.8,Female,Endurance,Beginner,2,4,None,Active,Cardio,Balanced
45,176,60,19.4,Female,Muscle Gain,Intermediate,4,2,None,Active,Strength,High Protein
42,187,114,32.6,Female,Flexibility,Professional,6,6,None,Very Active,Flexibility,Balanced
50,156,100,41.1,Male,Weight Loss,Beginner,2,4,None,Active,Cardio,Calorie Deficit
55,154,102,43.0,Male,Weight Loss,Professional,6,2,None,Very Active,Cardio,Calorie Deficit
23,192,48,13.0,Male,Flexibility,Beginner,1,7,None,Active,Flexibility,Balanced
49,194,48,12.8,Male,Muscle Gain,Beginner,4,4,None,Active,Strength,High Protein
38,180,64,19.8,Male,Weight Loss,Intermediate,5,1,Joint Pain,Active,Low-Impact Strength/Range,Calorie Deficit
33,172,54,18.3,Female,Weight Loss,Beginner,1,4,None,Lightly Active,Cardio,Calorie Deficit
38,191,68,18.6,Male,Endurance,Beginner,3,3,None,Active,Cardio,Balanced
28,159,70,27.7,Male,Endurance,Intermediate,2,5,Hypertension,Active,Cardio,Low Sodium Balanced
54,181,81,24.7,Male,Muscle Gain,Professional,6,6,None,Very Active,Strength,High Protein
53,192,98,26.6,Female,Flexibility,Beginner,3,7,None,Very Active,Flexibility,Balanced
52,179,65,20.3,Male,Muscle Gain,Intermediate,4,4,Diabetes,Active,Strength,Low GI Balanced
36,188,118,33.4,Female,Flexibility,Beginner,1,3,None,Lightly Active,Flexibility,Balanced
37,180,82,25.3,Male,Weight Loss,Intermediate,3,5,None,Active,Cardio,Calorie Deficit
35,167,90,32.3,Female,Endurance,Professional,2,2,Hypertension,Lightly Active,Cardio,Low Sodium Balanced
58,185,48,14.0,Female,Muscle Gain,Professional,4,4,None,Active,Strength,High Protein
31,151,104,45.6,Male,Muscle Gain,Intermediate,4,4,Hypertension,Active,Strength,Low Sodium Balanced
32,163,101,38.0,Male,Flexibility,Intermediate,6,2,None,Very Active,Flexibility,Balanced
48,162,89,33.9,Male,Flexibility,Intermediate,5,4,None,Very Active,Flexibility,Balanced
18,178,64,20.2,Male,Muscle Gain,Professional,5,6,None,Very Active,Strength,High Protein
20,161,61,23.5,Female,Flexibility,Beginner,5,5,None,Very Active,Flexibility,Balanced
33,188,115,32.5,Female,Muscle Gain,Professional,6,2,Hypertension,Very Active,Strength,Low Sodium Balanced
40,151,48,21.1,Female,Muscle Gain,Intermediate,6,2,None,Very Active,Strength,High Protein
28,181,58,17.7,Female,Muscle Gain,Intermediate,4,3,None,Active,Strength,High Protein
29,162,47,17.9,Male,Weight Loss,Professional,4,6,None,Very Active,Cardio,Calorie Deficit
27,195,102,26.8,Male,Flexibility,Intermediate,1,2,None,Lightly Active,Flexibility,Balanced
49,176,99,32.0,Female,Endurance,Professional,6,5,None,Very Active,Cardio,Balanced
33,198,48,12.2,Male,Endurance,Intermediate,2,2,None,Lightly Active,Cardio,Balanced
25,190,68,18.8,Female,Flexibility,Beginner,2,4,None,Active,Flexibility,Balanced
55,166,78,28.3,Male,Muscle Gain,Beginner,3,3,None,Active,Strength,High Protein
29,189,74,20.7,Male,Endurance,Intermediate,4,5,None,Very Active,Cardio,Balanced
41,180,63,19.4,Non-binary/Other,Endurance,Professional,5,3,Joint Pain,Very Active,Low-Impact Strength/Range,Balanced
45,183,75,22.4,Male,Flexibility,Beginner,1,4,None,Lightly Active,Flexibility,Balanced
25,173,104,34.7,Non-binary/Other,Endurance,Professional,4,3,None,Active,Cardio,Balanced
45,194,104,27.6,Female,Muscle Gain,Intermediate,4,5,Asthma,Very Active,Strength,High Protein
53,184,63,18.6,Female,Flexibility,Professional,7,6,None,Very Active,Flexibility,Balanced
43,197,93,24.0,Female,Muscle Gain,Beginner,4,2,None,Active,Strength,High Protein
25,155,107,44.5,Female,Endurance,Professional,7,6,None,Very Active,Cardio,Balanced
45,168,66,23.4,Female,Endurance,Professional,6,5,Diabetes,Very Active,Cardio,Low GI Balanced
45,179,68,21.2,Male,Muscle Gain,Intermediate,4,2,None,Active,Strength,High Protein
54,156,74,30.4,Male,Weight Loss,Intermediate,3,4,None,Active,Cardio,Calorie Deficit
58,159,102,40.3,Female,Endurance,Intermediate,5,2,None,Active,Cardio,Balanced
53,190,75,20.8,Male,Weight Loss,Beginner,3,5,None,Active,Cardio,Calorie Deficit
44,181,108,33.0,Male,Endurance,Beginner,3,5,None,Active,Cardio,Balanced
34,183,63,18.8,Male,Weight Loss,Intermediate,4,2,None,Active,Cardio,Calorie Deficit
26,177,92,29.4,Female,Weight Loss,Intermediate,4,4,None,Active,Cardio,Calorie Deficit
50,164,89,33.1,Female,Weight Loss,Beginner,2,5,None,Active,Cardio,Calorie Deficit
37,179,99,30.9,Male,Muscle Gain,Beginner,3,6,None,Active,Strength,High Protein
30,186,99,28.6,Female,Weight Loss,Beginner,1,4,None,Lightly Active,Cardio,Calorie Deficit
45,178,62,19.6,Female,Weight Loss,Beginner,4,6,None,Very Active,Cardio,Calorie Deficit
46,171,107,36.6,Female,Weight Loss,Intermediate,2,4,Heart Condition,Active,Low-Impact Cardio,Calorie Deficit
30,153,91,38.9,Female,Endurance,Beginner,1,3,Joint Pain,Lightly Active,Low-Impact Strength/Range,Balanced
52,169,119,41.7,Female,Weight Loss,Intermediate,4,6,None,Very Active,Cardio,Calorie Deficit
23,181,101,30.8,Male,Endurance,Professional,6,4,None,Very Active,Cardio,Balanced
35,185,89,26.0,Female,Weight Loss,Professional,5,4,None,Very Active,Cardio,Calorie Deficit
22,199,77,19.4,Male,Weight Loss,Beginner,2,4,None,Active,Cardio,Calorie Deficit
42,153,61,26.1,Female,Muscle Gain,Professional,5,6,None,Very Active,Strength,High Protein
19,176,114,36.8,Non-binary/Other,Endurance,Professional,4,6,None,Very Active,Cardio,Balanced
27,166,48,17.4,Male,Weight Loss,Professional,7,4,None,Very Active,Cardio,Calorie Deficit
47,161,64,24.7,Male,Endurance,Beginner,5,3,None,Very Active,Cardio,Balanced
22,171,91,31.1,Female,Endurance,Beginner,3,4,Heart Condition,Active,Low-Impact Cardio,Balanced
50,166,59,21.4,Male,Flexibility,Professional,4,4,None,Active,Flexibility,Balanced
18,159,114,45.1,Female,Muscle Gain,Intermediate,5,3,None,Very Active,Strength,High Protein
35,150,91,40.4,Male,Muscle Gain,Professional,2,5,None,Active,Strength,High Protein
49,171,119,40.7,Male,Muscle Gain,Beginner,3,4,None,Active,Strength,High Protein
28,175,53,17.3,Female,Flexibility,Beginner,2,3,None,Active,Flexibility,Balanced
38,167,60,21.5,Female,Flexibility,Beginner,5,1,None,Active,Flexibility,Balanced
43,199,113,28.5,Female,Muscle Gain,Professional,1,3,None,Lightly Active,Strength,High Protein
42,163,105,39.5,Male,Flexibility,Intermediate,4,6,None,Very Active,Flexibility,Balanced
39,196,54,14.1,Female,Flexibility,Beginner,4,3,None,Active,Flexibility,Balanced
44,178,94,29.7,Female,Flexibility,Beginner,3,2,None,Active,Flexibility,Balanced
30,161,47,18.1,Female,Muscle Gain,Professional,3,4,None,Active,Strength,High Protein
50,185,114,33.3,Female,Muscle Gain,Intermediate,7,3,None,Very Active,Strength,High Protein
51,184,95,28.1,Female,Muscle Gain,Professional,5,1,Heart Condition,Active,Low-Impact Cardio,High Protein
58,161,63,24.3,Male,Flexibility,Beginner,3,3,None,Active,Flexibility,Balanced
52,156,86,35.3,Male,Muscle Gain,Intermediate,3,4,None,Active,Strength,High Protein
18,178,79,24.9,Female,Flexibility,Intermediate,4,4,None,Active,Flexibility,Balanced
38,160,90,35.2,Male,Weight Loss,Beginner,3,3,None,Active,Cardio,Calorie Deficit
23,182,70,21.1,Female,Flexibility,Intermediate,2,4,None,Active,Flexibility,Balanced
45,155,113,47.0,Male,Endurance,Intermediate,2,7,None,Active,Cardio,Balanced
34,196,108,28.1,Female,Muscle Gain,Professional,6,4,None,Very Active,Strength,High Protein
22,164,81,30.1,Female,Muscle Gain,Beginner,2,3,Diabetes,Active,Strength,Low GI Balanced
48,181,93,28.4,Male,Endurance,Beginner,1,3,None,Lightly Active,Cardio,Balanced
22,160,65,25.4,Male,Flexibility,Beginner,3,3,None,Active,Flexibility,Balanced
55,172,118,39.9,Male,Weight Loss,Beginner,4,5,Asthma,Very Active,Moderate Cardio,Calorie Deficit
20,175,108,35.3,Female,Endurance,Beginner,0,2,None,Sedentary,Cardio,Balanced
40,183,49,14.6,Female,Endurance,Intermediate,4,5,None,Very Active,Cardio,Balanced
54,195,114,30.0,Male,Flexibility,Professional,3,0,None,Lightly Active,Flexibility,Balanced
54,183,48,14.3,Female,Muscle Gain,Beginner,0,3,None,Lightly Active,Strength,High Protein
27,178,83,26.2,Male,Flexibility,Professional,2,5,None,Active,Flexibility,Balanced
27,153,79,33.7,Male,Endurance,Professional,6,3,None,Very Active,Cardio,Balanced
36,166,45,16.3,Female,Endurance,Intermediate,2,4,None,Active,Cardio,Balanced
34,184,68,20.1,Male,Muscle Gain,Beginner,0,2,None,Sedentary,Strength,High Protein
38,162,101,38.5,Male,Muscle Gain,Intermediate,4,5,None,Very Active,Strength,High Protein
31,190,114,31.6,Male,Muscle Gain,Beginner,4,0,None,Active,Strength,High Protein
26,188,85,24.0,Male,Flexibility,Intermediate,3,6,None,Active,Flexibility,Balanced
18,164,98,36.4,Male,Muscle Gain,Professional,5,3,None,Very Active,Strength,High Protein
30,178,90,28.4,Male,Endurance,Beginner,0,6,None,Lightly Active,Cardio,Balanced
21,178,104,32.8,Female,Endurance,Professional,5,3,None,Very Active,Cardio,Balanced
18,160,104,40.6,Male,Weight Loss,Professional,5,5,None,Very Active,Cardio,Calorie Deficit
57,181,101,30.8,Female,Flexibility,Intermediate,4,3,None,Active,Flexibility,Balanced
49,151,75,32.9,Male,Weight Loss,Beginner,2,6,Joint Pain,Active,Low-Impact Strength/Range,Calorie Deficit
51,196,68,17.7,Male,Endurance,Professional,4,2,None,Active,Cardio,Balanced
45,163,80,30.1,Female,Weight Loss,Intermediate,2,2,None,Lightly Active,Cardio,Calorie Deficit
48,169,74,25.9,Female,Endurance,Beginner,2,4,None,Active,Cardio,Balanced
25,171,68,23.3,Male,Weight Loss,Beginner,1,1,None,Lightly Active,Cardio,Calorie Deficit
56,160,74,28.9,Female,Muscle Gain,Professional,6,3,None,Very Active,Strength,High Protein
43,176,51,16.5,Female,Weight Loss,Beginner,6,6,None,Very Active,Cardio,Calorie Deficit
51,152,79,34.2,Female,Muscle Gain,Professional,7,7,None,Very Active,Strength,High Protein
20,166,99,35.9,Female,Muscle Gain,Beginner,5,3,None,Very Active,Strength,High Protein
29,193,58,15.6,Male,Flexibility,Intermediate,4,6,None,Very Active,Flexibility,Balanced
18,177,54,17.2,Male,Muscle Gain,Professional,6,4,None,Very Active,Strength,High Protein
22,178,60,18.9,Female,Muscle Gain,Professional,4,3,None,Active,Strength,High Protein
47,170,98,33.9,Male,Weight Loss,Beginner,3,5,None,Active,Cardio,Calorie Deficit
47,196,114,29.7,Female,Endurance,Beginner,3,4,None,Active,Cardio,Balanced
34,165,88,32.3,Male,Flexibility,Professional,5,7,None,Very Active,Flexibility,Balanced
40,186,117,33.8,Male,Muscle Gain,Beginner,4,3,None,Active,Strength,High Protein
32,169,89,31.2,Female,Flexibility,Intermediate,3,5,None,Active,Flexibility,Balanced
54,155,100,41.6,Male,Weight Loss,Beginner,2,0,Joint Pain,Lightly Active,Low-Impact Strength/Range,Calorie Deficit
38,168,101,35.8,Female,Muscle Gain,Intermediate,6,2,None,Very Active,Strength,High Protein
31,154,65,27.4,Female,Weight Loss,Intermediate,1,0,None,Sedentary,Cardio,Calorie Deficit
19,152,112,48.5,Female,Flexibility,Intermediate,4,7,None,Very Active,Flexibility,Balanced
28,150,94,41.8,Female,Weight Loss,Intermediate,6,5,None,Very Active,Cardio,Calorie Deficit
56,187,77,22.0,Female,Flexibility,Intermediate,4,5,None,Very Active,Flexibility,Balanced
55,164,51,19.0,Female,Weight Loss,Beginner,3,4,None,Active,Cardio,Calorie Deficit
51,183,114,34.0,Female,Flexibility,Intermediate,3,3,Diabetes,Active,Flexibility,Low GI Balanced
55,184,59,17.4,Male,Endurance,Beginner,2,2,None,Lightly Active,Cardio,Balanced
51,198,76,19.4,Male,Weight Loss,Intermediate,6,3,None,Very Active,Cardio,Calorie Deficit
35,174,119,39.3,Male,Weight Loss,Professional,5,4,None,Very Active,Cardio,Calorie Deficit
47,173,64,21.4,Male,Endurance,Intermediate,4,5,None,Very Active,Cardio,Balanced
32,161,59,22.8,Female,Endurance,Professional,3,4,None,Active,Cardio,Balanced
44,167,92,33.0,Female,Weight Loss,Intermediate,0,1,None,Sedentary,Cardio,Calorie Deficit
51,164,115,42.8,Female,Endurance,Intermediate,7,0,Diabetes,Very Active,Cardio,Low GI Balanced
55,193,65,17.5,Male,Muscle Gain,Intermediate,3,2,Joint Pain,Active,Low-Impact Strength/Range,High Protein
50,165,86,31.6,Female,Flexibility,Professional,5,4,None,Very Active,Flexibility,Balanced
41,176,70,22.6,Male,Flexibility,Professional,3,6,None,Active,Flexibility,Balanced
32,157,58,23.5,Female,Flexibility,Intermediate,5,5,None,Very Active,Flexibility,Balanced
47,195,101,26.6,Female,Muscle Gain,Beginner,5,5,None,Very Active,Strength,High Protein
59,174,81,26.8,Male,Endurance,Intermediate,4,4,None,Active,Cardio,Balanced
34,166,102,37.0,Male,Endurance,Professional,3,4,None,Active,Cardio,Balanced
22,178,65,20.5,Male,Weight Loss,Intermediate,4,2,None,Active,Cardio,Calorie Deficit
46,157,113,45.8,Female,Endurance,Professional,6,6,None,Very Active,Cardio,Balanced
21,164,47,17.5,Female,Weight Loss,Professional,5,5,None,Very Active,Cardio,Calorie Deficit
27,176,81,26.1,Female,Muscle Gain,Professional,7,2,None,Very Active,Strength,High Protein
34,195,93,24.5,Male,Flexibility,Intermediate,4,4,None,Active,Flexibility,Balanced
27,199,63,15.9,Male,Flexibility,Professional,7,4,Joint Pain,Very Active,Low-Impact Strength/Range,Balanced
34,156,56,23.0,Female,Flexibility,Professional,5,5,None,Very Active,Flexibility,Balanced
37,152,105,45.4,Female,Endurance,Intermediate,2,6,Joint Pain,Active,Low-Impact Strength/Range,Balanced
41,178,85,26.8,Male,Weight Loss,Professional,4,4,None,Active,Cardio,Calorie Deficit
22,193,77,20.7,Male,Weight Loss,Intermediate,3,4,None,Active,Cardio,Calorie Deficit
51,173,94,31.4,Female,Muscle Gain,Professional,7,1,None,Very Active,Strength,High Protein
23,152,112,48.5,Male,Endurance,Beginner,4,1,None,Active,Cardio,Balanced
19,169,115,40.3,Male,Muscle Gain,Beginner,3,2,None,Active,Strength,High Protein
30,195,77,20.2,Male,Weight Loss,Professional,4,1,None,Active,Cardio,Calorie Deficit
28,164,68,25.3,Female,Weight Loss,Beginner,1,5,Hypertension,Active,Cardio,Low Sodium Balanced
40,174,105,34.7,Female,Flexibility,Intermediate,5,5,None,Very Active,Flexibility,Balanced
33,179,105,32.8,Female,Endurance,Beginner,3,2,None,Active,Cardio,Balanced
48,163,72,27.1,Female,Weight Loss,Professional,4,6,None,Very Active,Cardio,Calorie Deficit
28,156,102,41.9,Female,Flexibility,Professional,5,2,None,Active,Flexibility,Balanced
33,166,87,31.6,Male,Endurance,Intermediate,1,3,None,Lightly Active,Cardio,Balanced
25,193,85,22.8,Female,Muscle Gain,Professional,4,3,Joint Pain,Active,Low-Impact Strength/Range,High Protein
21,169,83,29.1,Male,Endurance,Intermediate,4,3,Hypertension,Active,Cardio,Low Sodium Balanced
57,185,93,27.2,Female,Endurance,Beginner,1,3,None,Lightly Active,Cardio,Balanced
21,158,61,24.4,Male,Weight Loss,Beginner,6,4,None,Very Active,Cardio,Calorie Deficit
42,187,114,32.6,Male,Weight Loss,Intermediate,3,4,None,Active,Cardio,Calorie Deficit
20,197,114,29.4,Male,Endurance,Intermediate,2,7,None,Active,Cardio,Balanced
49,171,109,37.3,Male,Weight Loss,Professional,4,1,None,Active,Cardio,Calorie Deficit
20,151,118,51.8,Male,Weight Loss,Beginner,4,2,None,Active,Cardio,Calorie Deficit
44,173,49,16.4,Male,Weight Loss,Intermediate,4,1,Asthma,Active,Moderate Cardio,Calorie Deficit
46,157,46,18.7,Non-binary/Other,Flexibility,Beginner,3,4,None,Active,Flexibility,Balanced
49,160,66,25.8,Male,Flexibility,Intermediate,1,1,None,Lightly Active,Flexibility,Balanced
36,162,101,38.5,Female,Endurance,Beginner,0,5,Joint Pain,Lightly Active,Low-Impact Strength/Range,Balanced
38,166,110,39.9,Female,Weight Loss,Professional,5,4,None,Very Active,Cardio,Calorie Deficit
22,157,118,47.9,Non-binary/Other,Flexibility,Beginner,4,4,None,Active,Flexibility,Balanced
35,170,60,20.8,Female,Endurance,Beginner,5,4,Hypertension,Very Active,Cardio,Low Sodium Balanced
45,167,95,34.1,Female,Weight Loss,Beginner,1,2,None,Lightly Active,Cardio,Calorie Deficit
59,179,83,25.9,Male,Muscle Gain,Beginner,3,2,None,Active,Strength,High Protein
39,167,84,30.1,Male,Weight Loss,Beginner,5,3,None,Very Active,Cardio,Calorie Deficit
38,195,82,21.6,Male,Weight Loss,Professional,4,5,None,Very Active,Cardio,Calorie Deficit
23,196,104,27.1,Female,Flexibility,Intermediate,5,3,None,Very Active,Flexibility,Balanced
18,180,103,31.8,Female,Endurance,Beginner,1,1,None,Lightly Active,Cardio,Balanced
22,187,54,15.4,Male,Endurance,Professional,7,7,None,Very Active,Cardio,Balanced
58,181,108,33.0,Male,Flexibility,Beginner,4,0,None,Active,Flexibility,Balanced
29,160,107,41.8,Female,Weight Loss,Beginner,5,5,Hypertension,Very Active,Cardio,Low Sodium Balanced
43,194,93,24.7,Male,Muscle Gain,Intermediate,5,5,None,Very Active,Strength,High Protein
51,174,108,35.7,Female,Weight Loss,Beginner,2,3,Heart Condition,Active,Low-Impact Cardio,Calorie Deficit
31,182,76,22.9,Female,Weight Loss,Professional,7,2,None,Very Active,Cardio,Calorie Deficit
43,187,51,14.6,Female,Muscle Gain,Professional,4,2,None,Active,Strength,High Protein
44,190,65,18.0,Female,Flexibility,Intermediate,3,5,None,Active,Flexibility,Balanced
26,157,64,26.0,Female,Endurance,Beginner,4,4,None,Active,Cardio,Balanced
43,160,70,27.3,Male,Flexibility,Professional,6,5,Asthma,Very Active,Flexibility,Balanced
39,171,112,38.3,Female,Flexibility,Beginner,5,6,None,Very Active,Flexibility,Balanced
47,173,59,19.7,Female,Weight Loss,Beginner,2,5,None,Active,Cardio,Calorie Deficit
34,190,58,16.1,Male,Endurance,Beginner,4,2,Heart Condition,Active,Low-Impact Cardio,Balanced
43,166,71,25.8,Male,Endurance,Intermediate,5,3,None,Very Active,Cardio,Balanced
53,161,84,32.4,Male,Flexibility,Beginner,0,5,None,Lightly Active,Flexibility,Balanced
18,195,102,26.8,Male,Muscle Gain,Professional,4,3,None,Active,Strength,High Protein
25,181,72,22.0,Female,Flexibility,Beginner,2,1,Heart Condition,Lightly Active,Low-Impact Cardio,Balanced
52,164,70,26.0,Female,Muscle Gain,Professional,4,5,None,Very Active,Strength,High Protein
32,165,107,39.3,Male,Endurance,Beginner,6,3,None,Very Active,Cardio,Balanced
39,171,110,37.6,Male,Flexibility,Professional,5,6,None,Very Active,Flexibility,Balanced
31,177,69,22.0,Female,Weight Loss,Professional,6,5,None,Very Active,Cardio,Calorie Deficit
43,169,47,16.5,Male,Flexibility,Beginner,6,1,None,Very Active,Flexibility,Balanced
45,182,116,35.0,Male,Endurance,Beginner,2,6,Asthma,Active,Moderate Cardio,Balanced
40,159,88,34.8,Female,Weight Loss,Professional,6,3,None,Very Active,Cardio,Calorie Deficit
31,189,86,24.1,Female,Weight Loss,Intermediate,4,3,None,Active,Cardio,Calorie Deficit
41,181,50,15.3,Male,Muscle Gain,Beginner,5,3,None,Very Active,Strength,High Protein
19,199,83,21.0,Male,Weight Loss,Intermediate,2,1,None,Lightly Active,Cardio,Calorie Deficit
43,182,96,29.0,Male,Weight Loss,Beginner,5,4,None,Very Active,Cardio,Calorie Deficit
31,151,67,29.4,Female,Flexibility,Beginner,2,2,None,Lightly Active,Flexibility,Balanced
24,182,94,28.4,Female,Endurance,Beginner,2,3,Hypertension,Active,Cardio,Low Sodium Balanced
20,182,87,26.3,Male,Muscle Gain,Beginner,4,3,None,Active,Strength,High Protein
40,190,63,17.5,Female,Flexibility,Intermediate,3,5,None,Active,Flexibility,Balanced
35,162,113,43.1,Female,Weight Loss,Beginner,3,5,None,Active,Cardio,Calorie Deficit
55,179,95,29.6,Male,Weight Loss,Professional,5,2,None,Active,Cardio,Calorie Deficit
52,182,55,16.6,Male,Muscle Gain,Professional,6,4,None,Very Active,Strength,High Protein
32,162,56,21.3,Female,Endurance,Intermediate,3,3,None,Active,Cardio,Balanced
42,175,118,38.5,Male,Muscle Gain,Beginner,0,2,None,Sedentary,Strength,High Protein
54,171,52,17.8,Male,Flexibility,Professional,4,5,None,Very Active,Flexibility,Balanced
45,188,68,19.2,Female,Muscle Gain,Intermediate,4,5,None,Very Active,Strength,High Protein
27,151,85,37.3,Female,Weight Loss,Beginner,1,2,None,Lightly Active,Cardio,Calorie Deficit
56,187,80,22.9,Female,Flexibility,Professional,4,4,Diabetes,Active,Flexibility,Low GI Balanced
34,188,116,32.8,Female,Weight Loss,Professional,5,2,None,Active,Cardio,Calorie Deficit
56,175,99,32.3,Female,Endurance,Intermediate,1,5,None,Active,Cardio,Balanced
39,195,53,13.9,Male,Weight Loss,Beginner,3,2,None,Active,Cardio,Calorie Deficit
43,199,91,23.0,Female,Weight Loss,Beginner,5,7,None,Very Active,Cardio,Calorie Deficit
42,164,59,21.9,Male,Muscle Gain,Professional,3,5,None,Active,Strength,High Protein
34,183,92,27.5,Male,Weight Loss,Professional,5,4,None,Very Active,Cardio,Calorie Deficit
30,191,86,23.6,Female,Flexibility,Professional,6,4,None,Very Active,Flexibility,Balanced
37,193,104,27.9,Female,Flexibility,Beginner,2,6,None,Active,Flexibility,Balanced
42,198,114,29.1,Male,Endurance,Intermediate,5,4,None,Very Active,Cardio,Balanced
21,189,56,15.7,Female,Flexibility,Intermediate,4,2,None,Active,Flexibility,Balanced
27,160,46,18.0,Male,Muscle Gain,Beginner,3,3,None,Active,Strength,High Protein
20,152,51,22.1,Male,Endurance,Intermediate,0,6,None,Lightly Active,Cardio,Balanced
58,155,47,19.6,Male,Flexibility,Professional,6,5,None,Very Active,Flexibility,Balanced
35,158,47,18.8,Female,Muscle Gain,Intermediate,5,5,Asthma,Very Active,Strength,High Protein
53,155,71,29.6,Female,Flexibility,Intermediate,1,6,None,Active,Flexibility,Balanced
39,158,84,33.6,Male,Flexibility,Intermediate,3,6,Joint Pain,Active,Low-Impact Strength/Range,Balanced
51,188,77,21.8,Female,Weight Loss,Professional,7,6,None,Very Active,Cardio,Calorie Deficit
25,180,45,13.9,Male,Flexibility,Beginner,3,1,None,Active,Flexibility,Balanced
57,181,52,15.9,Female,Flexibility,Professional,5,4,None,Very Active,Flexibility,Balanced
36,190,76,21.1,Male,Muscle Gain,Beginner,5,5,None,Very Active,Strength,High Protein
59,199,92,23.2,Male,Muscle Gain,Beginner,4,5,None,Very Active,Strength,High Protein
58,161,48,18.5,Female,Weight Loss,Beginner,3,4,None,Active,Cardio,Calorie Deficit
54,157,114,46.2,Male,Flexibility,Intermediate,5,2,None,Active,Flexibility,Balanced
23,157,63,25.6,Male,Weight Loss,Intermediate,6,5,None,Very Active,Cardio,Calorie Deficit
43,199,76,19.2,Female,Flexibility,Beginner,3,5,None,Active,Flexibility,Balanced
51,177,53,16.9,Female,Endurance,Beginner,3,1,None,Active,Cardio,Balanced
23,169,56,19.6,Male,Endurance,Intermediate,3,4,None,Active,Cardio,Balanced
54,196,55,14.3,Male,Weight Loss,Professional,7,2,None,Very Active,Cardio,Calorie Deficit
50,156,90,37.0,Male,Weight Loss,Beginner,4,3,Heart Condition,Active,Low-Impact Cardio,Calorie Deficit
39,160,60,23.4,Female,Weight Loss,Professional,3,0,None,Lightly Active,Cardio,Calorie Deficit
38,169,45,15.8,Male,Muscle Gain,Intermediate,6,4,None,Very Active,Strength,High Protein
23,165,107,39.3,Female,Muscle Gain,Beginner,3,4,Asthma,Active,Strength,High Protein
23,153,65,27.8,Non-binary/Other,Muscle Gain,Professional,2,5,None,Active,Strength,High Protein
21,155,74,30.8,Male,Weight Loss,Professional,5,5,Asthma,Very Active,Moderate Cardio,Calorie Deficit
47,171,57,19.5,Male,Flexibility,Professional,5,6,None,Very Active,Flexibility,Balanced
28,175,78,25.5,Male,Endurance,Intermediate,6,3,None,Very Active,Cardio,Balanced
47,152,48,20.8,Male,Weight Loss,Intermediate,3,2,Asthma,Active,Moderate Cardio,Calorie Deficit
48,190,72,19.9,Female,Muscle Gain,Professional,6,6,None,Very Active,Strength,High Protein
41,191,103,28.2,Male,Muscle Gain,Professional,5,2,None,Active,Strength,High Protein
26,163,71,26.7,Male,Weight Loss,Intermediate,1,7,None,Active,Cardio,Calorie Deficit
20,160,113,44.1,Female,Weight Loss,Professional,7,6,None,Very Active,Cardio,Calorie Deficit
48,167,69,24.7,Male,Muscle Gain,Professional,5,4,None,Very Active,Strength,High Protein
57,161,47,18.1,Female,Flexibility,Intermediate,3,7,Heart Condition,Very Active,Low-Impact Cardio,Balanced
54,172,112,37.9,Male,Muscle Gain,Professional,5,2,None,Active,Strength,High Protein
53,161,69,26.6,Female,Muscle Gain,Professional,6,3,None,Very Active,Strength,High Protein
41,162,64,24.4,Female,Weight Loss,Professional,4,5,None,Very Active,Cardio,Calorie Deficit
48,174,78,25.8,Female,Flexibility,Intermediate,3,3,Joint Pain,Active,Low-Impact Strength/Range,Balanced
23,194,70,18.6,Female,Muscle Gain,Professional,3,6,None,Active,Strength,High Protein
19,168,49,17.4,Male,Muscle Gain,Intermediate,3,1,None,Active,Strength,High Protein
37,195,105,27.6,Male,Endurance,Intermediate,5,4,Hypertension,Very Active,Cardio,Low Sodium Balanced
45,185,53,15.5,Female,Weight Loss,Beginner,3,4,None,Active,Cardio,Calorie Deficit
28,194,94,25.0,Female,Endurance,Beginner,2,4,None,Active,Cardio,Balanced
21,157,50,20.3,Male,Endurance,Professional,3,3,None,Active,Cardio,Balanced
32,178,104,32.8,Male,Muscle Gain,Intermediate,3,3,Joint Pain,Active,Low-Impact Strength/Range,High Protein
23,181,88,26.9,Male,Weight Loss,Beginner,5,5,None,Very Active,Cardio,Calorie Deficit
47,193,55,14.8,Male,Flexibility,Professional,4,3,None,Active,Flexibility,Balanced
55,167,110,39.4,Male,Muscle Gain,Beginner,6,5,None,Very Active,Strength,High Protein
19,155,91,37.9,Female,Flexibility,Beginner,3,4,None,Active,Flexibility,Balanced
32,167,117,42.0,Male,Flexibility,Intermediate,2,5,None,Active,Flexibility,Balanced
28,168,47,16.7,Male,Weight Loss,Intermediate,6,5,None,Very Active,Cardio,Calorie Deficit
25,171,74,25.3,Female,Endurance,Beginner,3,2,None,Active,Cardio,Balanced
43,186,65,18.8,Female,Weight Loss,Beginner,4,4,None,Active,Cardio,Calorie Deficit
22,181,72,22.0,Female,Flexibility,Intermediate,7,6,None,Very Active,Flexibility,Balanced
23,190,106,29.4,Female,Muscle Gain,Professional,2,4,None,Active,Strength,High Protein
43,152,77,33.3,Male,Flexibility,Intermediate,2,7,None,Active,Flexibility,Balanced
21,177,79,25.2,Female,Muscle Gain,Beginner,4,3,None,Active,Strength,High Protein
36,159,96,38.0,Female,Muscle Gain,Professional,4,2,None,Active,Strength,High Protein
37,184,78,23.0,Male,Weight Loss,Beginner,1,3,None,Lightly Active,Cardio,Calorie Deficit
50,178,85,26.8,Female,Flexibility,Professional,2,7,None,Active,Flexibility,Balanced
37,164,95,35.3,Female,Endurance,Beginner,0,3,None,Lightly Active,Cardio,Balanced
29,182,91,27.5,Male,Flexibility,Professional,6,6,Joint Pain,Very Active,Low-Impact Strength/Range,Balanced
18,156,102,41.9,Male,Flexibility,Professional,3,6,None,Active,Flexibility,Balanced
43,161,119,45.9,Male,Endurance,Beginner,3,3,None,Active,Cardio,Balanced
31,198,101,25.8,Male,Weight Loss,Professional,5,2,None,Active,Cardio,Calorie Deficit
55,179,67,20.9,Male,Flexibility,Intermediate,4,5,None,Very Active,Flexibility,Balanced
54,170,92,31.8,Female,Flexibility,Beginner,0,3,None,Lightly Active,Flexibility,Balanced
28,180,66,20.4,Male,Muscle Gain,Intermediate,5,5,None,Very Active,Strength,High Protein
53,173,61,20.4,Female,Flexibility,Beginner,0,3,Diabetes,Lightly Active,Flexibility,Low GI Balanced
30,169,113,39.6,Female,Endurance,Professional,6,4,None,Very Active,Cardio,Balanced
20,186,55,15.9,Female,Muscle Gain,Professional,7,5,None,Very Active,Strength,High Protein
50,153,59,25.2,Female,Weight Loss,Professional,5,4,None,Very Active,Cardio,Calorie Deficit
23,177,79,25.2,Male,Muscle Gain,Beginner,3,3,None,Active,Strength,High Protein
27,193,77,20.7,Male,Endurance,Intermediate,4,3,None,Active,Cardio,Balanced
22,169,60,21.0,Female,Endurance,Intermediate,3,3,None,Active,Cardio,Balanced
40,173,78,26.1,Female,Muscle Gain,Beginner,5,4,Heart Condition,Very Active,Low-Impact Cardio,High Protein
27,199,110,27.8,Female,Weight Loss,Beginner,5,5,None,Very Active,Cardio,Calorie Deficit
19,198,84,21.4,Male,Muscle Gain,Intermediate,3,3,None,Active,Strength,High Protein
30,181,72,22.0,Female,Weight Loss,Intermediate,4,4,None,Active,Cardio,Calorie Deficit
57,190,91,25.2,Male,Muscle Gain,Intermediate,6,5,Joint Pain,Very Active,Low-Impact Strength/Range,High Protein
19,185,83,24.3,Female,Endurance,Intermediate,7,3,None,Very Active,Cardio,Balanced
37,183,114,34.0,Female,Flexibility,Beginner,3,3,Asthma,Active,Flexibility,Balanced
18,185,117,34.2,Male,Flexibility,Beginner,3,6,None,Active,Flexibility,Balanced
54,151,64,28.1,Female,Weight Loss,Professional,4,5,None,Very Active,Cardio,Calorie Deficit
26,164,45,16.7,Male,Weight Loss,Intermediate,7,4,None,Very Active,Cardio,Calorie Deficit
34,183,116,34.6,Male,Weight Loss,Professional,3,5,None,Active,Cardio,Calorie Deficit
26,185,107,31.3,Female,Endurance,Beginner,3,0,None,Lightly Active,Cardio,Balanced
28,155,111,46.2,Female,Muscle Gain,Beginner,2,4,Asthma,Active,Strength,High Protein
32,188,48,13.6,Female,Endurance,Professional,4,4,None,Active,Cardio,Balanced
41,191,102,28.0,Female,Flexibility,Intermediate,3,4,None,Active,Flexibility,Balanced
55,161,69,26.6,Male,Weight Loss,Intermediate,7,3,None,Very Active,Cardio,Calorie Deficit
52,152,91,39.4,Female,Muscle Gain,Intermediate,1,2,None,Lightly Active,Strength,High Protein
47,194,82,21.8,Female,Flexibility,Intermediate,4,3,None,Active,Flexibility,Balanced
48,167,59,21.2,Male,Flexibility,Professional,3,7,None,Very Active,Flexibility,Balanced
22,189,107,30.0,Non-binary/Other,Flexibility,Professional,3,4,None,Active,Flexibility,Balanced
31,170,65,22.5,Male,Endurance,Beginner,3,4,None,Active,Cardio,Balanced
28,164,101,37.6,Female,Weight Loss,Intermediate,4,1,None,Active,Cardio,Calorie Deficit
26,182,97,29.3,Male,Flexibility,Intermediate,3,1,None,Active,Flexibility,Balanced
51,184,90,26.6,Male,Weight Loss,Intermediate,3,5,None,Active,Cardio,Calorie Deficit
29,175,58,18.9,Male,Endurance,Professional,3,4,None,Active,Cardio,Balanced
52,157,61,24.7,Female,Flexibility,Intermediate,3,4,None,Active,Flexibility,Balanced
52,185,83,24.3,Male,Endurance,Professional,7,3,None,Very Active,Cardio,Balanced
18,197,53,13.7,Male,Endurance,Intermediate,6,5,None,Very Active,Cardio,Balanced
57,179,50,15.6,Female,Weight Loss,Intermediate,3,2,None,Active,Cardio,Calorie Deficit
39,172,67,22.6,Female,Flexibility,Beginner,3,2,None,Active,Flexibility,Balanced
46,191,103,28.2,Male,Endurance,Intermediate,6,4,None,Very Active,Cardio,Balanced
25,193,90,24.2,Male,Flexibility,Intermediate,0,3,None,Lightly Active,Flexibility,Balanced
28,163,82,30.9,Male,Weight Loss,Beginner,4,3,None,Active,Cardio,Calorie Deficit
58,163,58,21.8,Male,Endurance,Professional,7,5,Heart Condition,Very Active,Low-Impact Cardio,Balanced
54,151,116,50.9,Female,Weight Loss,Professional,3,5,None,Active,Cardio,Calorie Deficit
31,186,106,30.6,Female,Flexibility,Intermediate,2,6,None,Active,Flexibility,Balanced
47,154,79,33.3,Female,Flexibility,Professional,7,4,None,Very Active,Flexibility,Balanced
52,187,63,18.0,Male,Weight Loss,Intermediate,4,1,None,Active,Cardio,Calorie Deficit
38,194,74,19.7,Female,Muscle Gain,Beginner,0,3,Heart Condition,Lightly Active,Low-Impact Cardio,High Protein
54,190,69,19.1,Female,Endurance,Beginner,2,7,None,Active,Cardio,Balanced
22,196,84,21.9,Female,Flexibility,Intermediate,4,4,None,Active,Flexibility,Balanced
36,163,58,21.8,Female,Flexibility,Beginner,4,5,None,Very Active,Flexibility,Balanced
31,188,70,19.8,Female,Endurance,Beginner,4,0,None,Active,Cardio,Balanced
43,174,66,21.8,Female,Weight Loss,Intermediate,7,4,None,Very Active,Cardio,Calorie Deficit
21,169,92,32.2,Male,Weight Loss,Intermediate,3,1,None,Active,Cardio,Calorie Deficit
42,151,95,41.7,Female,Weight Loss,Beginner,3,4,None,Active,Cardio,Calorie Deficit
59,188,47,13.3,Female,Muscle Gain,Professional,5,6,None,Very Active,Strength,High Protein
42,155,86,35.8,Female,Muscle Gain,Professional,5,7,None,Very Active,Strength,High Protein
35,166,63,22.9,Male,Flexibility,Intermediate,2,4,None,Active,Flexibility,Balanced
57,174,117,38.6,Female,Weight Loss,Intermediate,7,4,None,Very Active,Cardio,Calorie Deficit
25,177,72,23.0,Female,Endurance,Professional,6,6,None,Very Active,Cardio,Balanced
56,151,89,39.0,Male,Flexibility,Beginner,3,4,None,Active,Flexibility,Balanced
57,184,115,34.0,Male,Endurance,Professional,5,1,None,Active,Cardio,Balanced
31,186,107,30.9,Female,Flexibility,Professional,4,4,None,Active,Flexibility,Balanced
49,154,117,49.3,Female,Muscle Gain,Professional,5,3,None,Very Active,Strength,High Protein
55,150,63,28.0,Female,Flexibility,Professional,6,4,Hypertension,Very Active,Flexibility,Low Sodium Balanced
50,189,91,25.5,Male,Muscle Gain,Intermediate,4,4,None,Active,Strength,High Protein
40,161,58,22.4,Female,Flexibility,Intermediate,7,4,None,Very Active,Flexibility,Balanced
32,185,82,24.0,Male,Weight Loss,Beginner,3,3,None,Active,Cardio,Calorie Deficit
50,194,97,25.8,Male,Endurance,Beginner,2,2,None,Lightly Active,Cardio,Balanced
42,172,105,35.5,Male,Weight Loss,Beginner,4,4,None,Active,Cardio,Calorie Deficit
34,196,80,20.8,Male,Flexibility,Beginner,1,5,None,Active,Flexibility,Balanced
50,180,84,25.9,Male,Flexibility,Professional,4,5,Joint Pain,Very Active,Low-Impact Strength/Range,Balanced
19,160,74,28.9,Male,Flexibility,Intermediate,3,3,None,Active,Flexibility,Balanced
31,159,53,21.0,Male,Muscle Gain,Intermediate,4,6,None,Very Active,Strength,High Protein
57,152,108,46.7,Male,Endurance,Beginner,4,6,None,Very Active,Cardio,Balanced
57,163,77,29.0,Female,Endurance,Beginner,3,2,None,Active,Cardio,Balanced
56,165,96,35.3,Male,Flexibility,Professional,6,1,None,Very Active,Flexibility,Balanced
23,159,58,22.9,Male,Flexibility,Professional,5,5,None,Very Active,Flexibility,Balanced
23,178,119,37.6,Female,Muscle Gain,Beginner,2,5,None,Active,Strength,High Protein
20,159,97,38.4,Male,Weight Loss,Intermediate,5,7,Hypertension,Very Active,Cardio,Low Sodium Balanced
24,161,103,39.7,Female,Weight Loss,Intermediate,3,6,None,Active,Cardio,Calorie Deficit
25,179,85,26.5,Male,Endurance,Intermediate,3,5,None,Active,Cardio,Balanced
59,190,112,31.0,Male,Muscle Gain,Beginner,3,4,None,Active,Strength,High Protein
32,150,112,49.8,Female,Flexibility,Intermediate,3,0,None,Lightly Active,Flexibility,Balanced
46,154,52,21.9,Female,Endurance,Professional,1,3,None,Lightly Active,Cardio,Balanced
50,169,46,16.1,Female,Muscle Gain,Professional,5,4,Asthma,Very Active,Strength,High Protein
47,157,85,34.5,Female,Weight Loss,Beginner,3,4,None,Active,Cardio,Calorie Deficit
56,192,99,26.9,Female,Muscle Gain,Professional,5,4,None,Very Active,Strength,High Protein
44,161,60,23.1,Male,Weight Loss,Beginner,6,5,None,Very Active,Cardio,Calorie Deficit
53,150,106,47.1,Male,Muscle Gain,Intermediate,4,3,None,Active,Strength,High Protein
46,169,92,32.2,Male,Endurance,Intermediate,6,4,None,Very Active,Cardio,Balanced
55,177,74,23.6,Male,Weight Loss,Intermediate,2,2,None,Lightly Active,Cardio,Calorie Deficit
50,192,56,15.2,Female,Endurance,Professional,5,4,None,Very Active,Cardio,Balanced
54,186,79,22.8,Female,Endurance,Beginner,5,5,None,Very Active,Cardio,Balanced
44,196,55,14.3,Male,Weight Loss,Intermediate,4,5,None,Very Active,Cardio,Calorie Deficit
50,186,108,31.2,Female,Weight Loss,Beginner,4,7,Hypertension,Very Active,Cardio,Low Sodium Balanced
21,161,94,36.3,Female,Flexibility,Intermediate,3,3,None,Active,Flexibility,Balanced
39,186,65,18.8,Male,Flexibility,Professional,3,4,None,Active,Flexibility,Balanced
19,198,113,28.8,Male,Flexibility,Professional,5,3,None,Very Active,Flexibility,Balanced
27,198,92,23.5,Male,Endurance,Beginner,2,3,None,Active,Cardio,Balanced
22,193,64,17.2,Male,Endurance,Professional,6,6,None,Very Active,Cardio,Balanced
27,177,111,35.4,Male,Flexibility,Professional,4,5,None,Very Active,Flexibility,Balanced
50,196,88,22.9,Female,Endurance,Beginner,6,6,None,Very Active,Cardio,Balanced
55,164,77,28.6,Male,Endurance,Intermediate,7,3,None,Very Active,Cardio,Balanced
30,155,117,48.7,Male,Weight Loss,Professional,4,6,None,Very Active,Cardio,Calorie Deficit
48,193,105,28.2,Non-binary/Other,Weight Loss,Beginner,2,0,Asthma,Lightly Active,Moderate Cardio,Calorie Deficit
53,169,53,18.6,Female,Endurance,Professional,7,6,None,Very Active,Cardio,Balanced
41,199,112,28.3,Female,Flexibility,Professional,7,3,None,Very Active,Flexibility,Balanced
32,163,79,29.7,Male,Muscle Gain,Professional,5,3,Joint Pain,Very Active,Low-Impact Strength/Range,High Protein
46,151,109,47.8,Male,Flexibility,Professional,4,4,None,Active,Flexibility,Balanced
25,158,52,20.8,Female,Muscle Gain,Beginner,3,6,None,Active,Strength,High Protein
22,186,89,25.7,Male,Flexibility,Beginner,4,0,None,Active,Flexibility,Balanced
